id,date,day_of_month,week_of_month,month,month_name,quarter,year,weekday,day,is_weekend
1,1/27/2018,27,4,1,Jan,1,2018,6,Friday,Weekday
2,11/2/2017,2,44,11,Nov,4,2017,4,Wednesday,Weekday
3,2/21/2018,21,8,2,Feb,1,2018,3,Tuesday,Weekday
4,7/24/2015,24,30,7,Jul,3,2015,5,Thursday,Weekday
5,10/12/2013,12,41,10,Oct,4,2013,6,Friday,Weekday
6,8/24/2015,24,35,8,Aug,3,2015,1,Sunday,Weekend
7,12/18/2017,18,51,12,Dec,4,2017,1,Sunday,Weekend
8,10/24/2015,24,43,10,Oct,4,2015,6,Friday,Weekday
9,3/28/2019,28,13,3,Mar,1,2019,4,Wednesday,Weekday
10,3/14/2023,14,11,3,Mar,1,2023,2,Monday,Weekday
11,5/26/2021,26,22,5,May,2,2021,3,Tuesday,Weekday
12,10/13/2015,13,42,10,Oct,4,2015,2,Monday,Weekday
13,8/3/2016,3,32,8,Aug,3,2016,3,Tuesday,Weekday
14,11/16/2014,16,47,11,Nov,4,2014,7,Saturday,Weekend
15,10/22/2015,22,43,10,Oct,4,2015,4,Wednesday,Weekday
16,9/1/2020,1,36,9,Sep,3,2020,2,Monday,Weekday
17,3/25/2021,25,13,3,Mar,1,2021,4,Wednesday,Weekday
18,7/31/2016,31,32,7,Jul,3,2016,7,Saturday,Weekend
19,6/13/2021,13,25,6,Jun,2,2021,7,Saturday,Weekend
20,7/11/2019,11,28,7,Jul,3,2019,4,Wednesday,Weekday
21,10/16/2018,16,42,10,Oct,4,2018,2,Monday,Weekday
22,12/11/2020,11,50,12,Dec,4,2020,5,Thursday,Weekday
23,1/26/2022,26,5,1,Jan,1,2022,3,Tuesday,Weekday
24,6/24/2014,24,26,6,Jun,2,2014,2,Monday,Weekday
25,5/7/2018,7,19,5,May,2,2018,1,Sunday,Weekend
26,12/3/2020,3,49,12,Dec,4,2020,4,Wednesday,Weekday
27,4/9/2022,9,15,4,Apr,2,2022,6,Friday,Weekday
28,11/24/2019,24,48,11,Nov,4,2019,7,Saturday,Weekend
29,9/28/2014,28,40,9,Sep,3,2014,7,Saturday,Weekend
30,10/6/2021,6,41,10,Oct,4,2021,3,Tuesday,Weekday
31,4/1/2016,1,14,4,Apr,2,2016,5,Thursday,Weekday
32,8/20/2017,20,34,8,Aug,3,2017,7,Saturday,Weekend
33,12/24/2022,24,52,12,Dec,4,2022,6,Friday,Weekday
34,11/13/2020,13,46,11,Nov,4,2020,5,Thursday,Weekday
35,2/11/2014,11,7,2,Feb,1,2014,2,Monday,Weekday
36,5/28/2017,28,22,5,May,2,2017,7,Saturday,Weekend
37,5/4/2023,4,18,5,May,2,2023,4,Wednesday,Weekday
38,3/23/2022,23,13,3,Mar,1,2022,3,Tuesday,Weekday
39,10/16/2016,16,43,10,Oct,4,2016,7,Saturday,Weekend
40,8/14/2015,14,33,8,Aug,3,2015,5,Thursday,Weekday
41,4/22/2023,22,16,4,Apr,2,2023,6,Friday,Weekday
42,12/22/2022,22,52,12,Dec,4,2022,4,Wednesday,Weekday
43,4/8/2018,8,15,4,Apr,2,2018,7,Saturday,Weekend
44,7/26/2017,26,30,7,Jul,3,2017,3,Tuesday,Weekday
45,11/23/2017,23,47,11,Nov,4,2017,4,Wednesday,Weekday
46,5/15/2017,15,20,5,May,2,2017,1,Sunday,Weekend
47,3/19/2016,19,12,3,Mar,1,2016,6,Friday,Weekday
48,10/10/2013,10,41,10,Oct,4,2013,4,Wednesday,Weekday
49,2/8/2017,8,6,2,Feb,1,2017,3,Tuesday,Weekday
50,3/5/2019,5,10,3,Mar,1,2019,2,Monday,Weekday
51,4/13/2018,13,15,4,Apr,2,2018,5,Thursday,Weekday
52,1/28/2017,28,4,1,Jan,1,2017,6,Friday,Weekday
53,5/28/2015,28,22,5,May,2,2015,4,Wednesday,Weekday
54,5/16/2018,16,20,5,May,2,2018,3,Tuesday,Weekday
55,12/27/2015,27,53,12,Dec,4,2015,7,Saturday,Weekend
56,5/22/2021,22,21,5,May,2,2021,6,Friday,Weekday
57,4/14/2022,14,16,4,Apr,2,2022,4,Wednesday,Weekday
58,3/15/2021,15,12,3,Mar,1,2021,1,Sunday,Weekend
59,3/24/2021,24,13,3,Mar,1,2021,3,Tuesday,Weekday
60,4/11/2016,11,16,4,Apr,2,2016,1,Sunday,Weekend
61,6/4/2022,4,23,6,Jun,2,2022,6,Friday,Weekday
62,5/31/2021,31,23,5,May,2,2021,1,Sunday,Weekend
63,10/12/2015,12,42,10,Oct,4,2015,1,Sunday,Weekend
64,6/16/2015,16,25,6,Jun,2,2015,2,Monday,Weekday
65,2/10/2023,10,6,2,Feb,1,2023,5,Thursday,Weekday
66,3/31/2022,31,14,3,Mar,1,2022,4,Wednesday,Weekday
67,10/15/2015,15,42,10,Oct,4,2015,4,Wednesday,Weekday
68,4/11/2017,11,15,4,Apr,2,2017,2,Monday,Weekday
69,8/23/2017,23,34,8,Aug,3,2017,3,Tuesday,Weekday
70,5/1/2022,1,19,5,May,2,2022,7,Saturday,Weekend
71,2/23/2017,23,8,2,Feb,1,2017,4,Wednesday,Weekday
72,7/30/2014,30,31,7,Jul,3,2014,3,Tuesday,Weekday
73,8/17/2017,17,33,8,Aug,3,2017,4,Wednesday,Weekday
74,5/23/2014,23,21,5,May,2,2014,5,Thursday,Weekday
75,6/2/2015,2,23,6,Jun,2,2015,2,Monday,Weekday
76,12/9/2013,9,50,12,Dec,4,2013,1,Sunday,Weekend
77,5/10/2014,10,19,5,May,2,2014,6,Friday,Weekday
78,11/30/2013,30,48,11,Nov,4,2013,6,Friday,Weekday
79,6/21/2020,21,26,6,Jun,2,2020,7,Saturday,Weekend
80,7/9/2021,9,28,7,Jul,3,2021,5,Thursday,Weekday
81,1/9/2015,9,2,1,Jan,1,2015,5,Thursday,Weekday
82,10/20/2019,20,43,10,Oct,4,2019,7,Saturday,Weekend
83,4/27/2017,27,17,4,Apr,2,2017,4,Wednesday,Weekday
84,7/6/2015,6,28,7,Jul,3,2015,1,Sunday,Weekend
85,9/3/2022,3,36,9,Sep,3,2022,6,Friday,Weekday
86,9/17/2013,17,38,9,Sep,3,2013,2,Monday,Weekday
87,7/10/2018,10,28,7,Jul,3,2018,2,Monday,Weekday
88,9/18/2015,18,38,9,Sep,3,2015,5,Thursday,Weekday
89,6/19/2020,19,25,6,Jun,2,2020,5,Thursday,Weekday
90,7/4/2021,4,28,7,Jul,3,2021,7,Saturday,Weekend
91,2/1/2023,1,5,2,Feb,1,2023,3,Tuesday,Weekday
92,10/23/2017,23,43,10,Oct,4,2017,1,Sunday,Weekend
93,4/28/2018,28,17,4,Apr,2,2018,6,Friday,Weekday
94,2/28/2015,28,9,2,Feb,1,2015,6,Friday,Weekday
95,6/16/2020,16,25,6,Jun,2,2020,2,Monday,Weekday
96,9/14/2013,14,37,9,Sep,3,2013,6,Friday,Weekday
97,5/5/2021,5,19,5,May,2,2021,3,Tuesday,Weekday
98,6/5/2014,5,23,6,Jun,2,2014,4,Wednesday,Weekday
99,4/25/2023,25,17,4,Apr,2,2023,2,Monday,Weekday
100,5/29/2019,29,22,5,May,2,2019,3,Tuesday,Weekday
101,8/21/2020,21,34,8,Aug,3,2020,5,Thursday,Weekday
102,1/24/2019,24,4,1,Jan,1,2019,4,Wednesday,Weekday
103,10/20/2021,20,43,10,Oct,4,2021,3,Tuesday,Weekday
104,12/22/2014,22,52,12,Dec,4,2014,1,Sunday,Weekend
105,9/9/2013,9,37,9,Sep,3,2013,1,Sunday,Weekend
106,11/29/2019,29,48,11,Nov,4,2019,5,Thursday,Weekday
107,12/28/2017,28,52,12,Dec,4,2017,4,Wednesday,Weekday
108,5/20/2023,20,20,5,May,2,2023,6,Friday,Weekday
109,6/19/2017,19,25,6,Jun,2,2017,1,Sunday,Weekend
110,10/29/2016,29,44,10,Oct,4,2016,6,Friday,Weekday
111,3/10/2020,10,11,3,Mar,1,2020,2,Monday,Weekday
112,1/23/2016,23,4,1,Jan,1,2016,6,Friday,Weekday
113,10/1/2014,1,40,10,Oct,4,2014,3,Tuesday,Weekday
114,11/9/2020,9,46,11,Nov,4,2020,1,Sunday,Weekend
115,12/25/2020,25,52,12,Dec,4,2020,5,Thursday,Weekday
116,7/3/2015,3,27,7,Jul,3,2015,5,Thursday,Weekday
117,3/19/2023,19,12,3,Mar,1,2023,7,Saturday,Weekend
118,12/29/2020,29,53,12,Dec,4,2020,2,Monday,Weekday
119,3/12/2016,12,11,3,Mar,1,2016,6,Friday,Weekday
120,4/18/2019,18,16,4,Apr,2,2019,4,Wednesday,Weekday
121,1/22/2014,22,4,1,Jan,1,2014,3,Tuesday,Weekday
122,6/21/2017,21,25,6,Jun,2,2017,3,Tuesday,Weekday
123,2/5/2016,5,6,2,Feb,1,2016,5,Thursday,Weekday
124,1/15/2021,15,3,1,Jan,1,2021,5,Thursday,Weekday
125,2/1/2014,1,5,2,Feb,1,2014,6,Friday,Weekday
126,1/21/2020,21,4,1,Jan,1,2020,2,Monday,Weekday
127,4/13/2023,13,15,4,Apr,2,2023,4,Wednesday,Weekday
128,10/8/2014,8,41,10,Oct,4,2014,3,Tuesday,Weekday
129,10/20/2018,20,42,10,Oct,4,2018,6,Friday,Weekday
130,3/23/2016,23,13,3,Mar,1,2016,3,Tuesday,Weekday
131,8/9/2017,9,32,8,Aug,3,2017,3,Tuesday,Weekday
132,2/11/2022,11,7,2,Feb,1,2022,5,Thursday,Weekday
133,9/16/2013,16,38,9,Sep,3,2013,1,Sunday,Weekend
134,9/4/2021,4,36,9,Sep,3,2021,6,Friday,Weekday
135,5/31/2020,31,23,5,May,2,2020,7,Saturday,Weekend
136,1/1/2022,1,1,1,Jan,1,2022,6,Friday,Weekday
137,12/2/2017,2,48,12,Dec,4,2017,6,Friday,Weekday
138,9/22/2017,22,38,9,Sep,3,2017,5,Thursday,Weekday
139,7/15/2018,15,29,7,Jul,3,2018,7,Saturday,Weekend
140,4/7/2019,7,15,4,Apr,2,2019,7,Saturday,Weekend
141,5/24/2015,24,22,5,May,2,2015,7,Saturday,Weekend
142,11/8/2015,8,46,11,Nov,4,2015,7,Saturday,Weekend
143,7/22/2019,22,30,7,Jul,3,2019,1,Sunday,Weekend
144,9/21/2022,21,39,9,Sep,3,2022,3,Tuesday,Weekday
145,5/17/2018,17,20,5,May,2,2018,4,Wednesday,Weekday
146,12/25/2013,25,52,12,Dec,4,2013,3,Tuesday,Weekday
147,12/8/2021,8,50,12,Dec,4,2021,3,Tuesday,Weekday
148,3/2/2016,2,10,3,Mar,1,2016,3,Tuesday,Weekday
149,8/7/2017,7,32,8,Aug,3,2017,1,Sunday,Weekend
150,4/3/2020,3,14,4,Apr,2,2020,5,Thursday,Weekday
151,10/12/2022,12,42,10,Oct,4,2022,3,Tuesday,Weekday
152,3/12/2022,12,11,3,Mar,1,2022,6,Friday,Weekday
153,2/19/2023,19,8,2,Feb,1,2023,7,Saturday,Weekend
154,6/13/2023,13,24,6,Jun,2,2023,2,Monday,Weekday
155,5/4/2020,4,19,5,May,2,2020,1,Sunday,Weekend
156,6/26/2014,26,26,6,Jun,2,2014,4,Wednesday,Weekday
157,1/11/2020,11,2,1,Jan,1,2020,6,Friday,Weekday
158,5/28/2019,28,22,5,May,2,2019,2,Monday,Weekday
159,7/20/2014,20,30,7,Jul,3,2014,7,Saturday,Weekend
160,2/6/2023,6,6,2,Feb,1,2023,1,Sunday,Weekend
161,12/27/2022,27,53,12,Dec,4,2022,2,Monday,Weekday
162,4/4/2020,4,14,4,Apr,2,2020,6,Friday,Weekday
163,2/27/2016,27,9,2,Feb,1,2016,6,Friday,Weekday
164,5/12/2018,12,19,5,May,2,2018,6,Friday,Weekday
165,1/3/2022,3,2,1,Jan,1,2022,1,Sunday,Weekend
166,3/6/2016,6,11,3,Mar,1,2016,7,Saturday,Weekend
167,7/13/2015,13,29,7,Jul,3,2015,1,Sunday,Weekend
168,1/28/2023,28,4,1,Jan,1,2023,6,Friday,Weekday
169,8/19/2019,19,34,8,Aug,3,2019,1,Sunday,Weekend
170,3/22/2017,22,12,3,Mar,1,2017,3,Tuesday,Weekday
171,12/4/2016,4,50,12,Dec,4,2016,7,Saturday,Weekend
172,6/25/2020,25,26,6,Jun,2,2020,4,Wednesday,Weekday
173,7/10/2018,10,28,7,Jul,3,2018,2,Monday,Weekday
174,6/2/2019,2,23,6,Jun,2,2019,7,Saturday,Weekend
175,1/30/2022,30,6,1,Jan,1,2022,7,Saturday,Weekend
176,5/31/2019,31,22,5,May,2,2019,5,Thursday,Weekday
177,3/5/2014,5,10,3,Mar,1,2014,3,Tuesday,Weekday
178,5/14/2020,14,20,5,May,2,2020,4,Wednesday,Weekday
179,11/8/2018,8,45,11,Nov,4,2018,4,Wednesday,Weekday
180,3/6/2023,6,10,3,Mar,1,2023,1,Sunday,Weekend
181,4/10/2022,10,16,4,Apr,2,2022,7,Saturday,Weekend
182,2/1/2014,1,5,2,Feb,1,2014,6,Friday,Weekday
183,10/18/2013,18,42,10,Oct,4,2013,5,Thursday,Weekday
184,4/29/2022,29,18,4,Apr,2,2022,5,Thursday,Weekday
185,11/9/2016,9,46,11,Nov,4,2016,3,Tuesday,Weekday
186,10/16/2017,16,42,10,Oct,4,2017,1,Sunday,Weekend
187,7/7/2016,7,28,7,Jul,3,2016,4,Wednesday,Weekday
188,4/15/2018,15,16,4,Apr,2,2018,7,Saturday,Weekend
189,10/16/2021,16,42,10,Oct,4,2021,6,Friday,Weekday
190,7/23/2014,23,30,7,Jul,3,2014,3,Tuesday,Weekday
191,6/9/2019,9,24,6,Jun,2,2019,7,Saturday,Weekend
192,11/22/2016,22,48,11,Nov,4,2016,2,Monday,Weekday
193,12/27/2016,27,53,12,Dec,4,2016,2,Monday,Weekday
194,3/14/2019,14,11,3,Mar,1,2019,4,Wednesday,Weekday
195,5/8/2016,8,20,5,May,2,2016,7,Saturday,Weekend
196,8/20/2013,20,34,8,Aug,3,2013,2,Monday,Weekday
197,12/25/2014,25,52,12,Dec,4,2014,4,Wednesday,Weekday
198,8/27/2013,27,35,8,Aug,3,2013,2,Monday,Weekday
199,12/15/2014,15,51,12,Dec,4,2014,1,Sunday,Weekend
200,11/3/2015,3,45,11,Nov,4,2015,2,Monday,Weekday
201,8/8/2018,8,32,8,Aug,3,2018,3,Tuesday,Weekday
202,5/31/2016,31,23,5,May,2,2016,2,Monday,Weekday
203,8/26/2020,26,35,8,Aug,3,2020,3,Tuesday,Weekday
204,4/21/2017,21,16,4,Apr,2,2017,5,Thursday,Weekday
205,3/19/2019,19,12,3,Mar,1,2019,2,Monday,Weekday
206,7/25/2021,25,31,7,Jul,3,2021,7,Saturday,Weekend
207,3/16/2023,16,11,3,Mar,1,2023,4,Wednesday,Weekday
208,10/12/2016,12,42,10,Oct,4,2016,3,Tuesday,Weekday
209,12/20/2019,20,51,12,Dec,4,2019,5,Thursday,Weekday
210,8/12/2017,12,32,8,Aug,3,2017,6,Friday,Weekday
211,5/10/2018,10,19,5,May,2,2018,4,Wednesday,Weekday
212,9/6/2016,6,37,9,Sep,3,2016,2,Monday,Weekday
213,9/14/2018,14,37,9,Sep,3,2018,5,Thursday,Weekday
214,12/17/2020,17,51,12,Dec,4,2020,4,Wednesday,Weekday
215,1/25/2019,25,4,1,Jan,1,2019,5,Thursday,Weekday
216,2/14/2016,14,8,2,Feb,1,2016,7,Saturday,Weekend
217,10/24/2020,24,43,10,Oct,4,2020,6,Friday,Weekday
218,3/30/2023,30,13,3,Mar,1,2023,4,Wednesday,Weekday
219,9/20/2021,20,39,9,Sep,3,2021,1,Sunday,Weekend
220,6/11/2023,11,24,6,Jun,2,2023,7,Saturday,Weekend
221,3/30/2023,30,13,3,Mar,1,2023,4,Wednesday,Weekday
222,2/26/2021,26,9,2,Feb,1,2021,5,Thursday,Weekday
223,9/3/2021,3,36,9,Sep,3,2021,5,Thursday,Weekday
224,1/16/2023,16,3,1,Jan,1,2023,1,Sunday,Weekend
225,3/27/2015,27,13,3,Mar,1,2015,5,Thursday,Weekday
226,3/15/2022,15,12,3,Mar,1,2022,2,Monday,Weekday
227,7/26/2023,26,30,7,Jul,3,2023,3,Tuesday,Weekday
228,1/25/2019,25,4,1,Jan,1,2019,5,Thursday,Weekday
229,9/11/2015,11,37,9,Sep,3,2015,5,Thursday,Weekday
230,4/15/2021,15,16,4,Apr,2,2021,4,Wednesday,Weekday
231,3/7/2020,7,10,3,Mar,1,2020,6,Friday,Weekday
232,4/14/2014,14,16,4,Apr,2,2014,1,Sunday,Weekend
233,1/9/2019,9,2,1,Jan,1,2019,3,Tuesday,Weekday
234,3/2/2018,2,9,3,Mar,1,2018,5,Thursday,Weekday
235,5/5/2021,5,19,5,May,2,2021,3,Tuesday,Weekday
236,6/30/2018,30,26,6,Jun,2,2018,6,Friday,Weekday
237,8/5/2013,5,32,8,Aug,3,2013,1,Sunday,Weekend
238,8/27/2013,27,35,8,Aug,3,2013,2,Monday,Weekday
239,10/7/2013,7,41,10,Oct,4,2013,1,Sunday,Weekend
240,1/17/2019,17,3,1,Jan,1,2019,4,Wednesday,Weekday
241,8/30/2019,30,35,8,Aug,3,2019,5,Thursday,Weekday
242,1/15/2023,15,3,1,Jan,1,2023,7,Saturday,Weekend
243,9/2/2021,2,36,9,Sep,3,2021,4,Wednesday,Weekday
244,8/18/2018,18,33,8,Aug,3,2018,6,Friday,Weekday
245,7/21/2023,21,29,7,Jul,3,2023,5,Thursday,Weekday
246,1/11/2019,11,2,1,Jan,1,2019,5,Thursday,Weekday
247,7/8/2020,8,28,7,Jul,3,2020,3,Tuesday,Weekday
248,3/2/2023,2,9,3,Mar,1,2023,4,Wednesday,Weekday
249,2/2/2019,2,5,2,Feb,1,2019,6,Friday,Weekday
250,4/8/2020,8,15,4,Apr,2,2020,3,Tuesday,Weekday
251,4/18/2017,18,16,4,Apr,2,2017,2,Monday,Weekday
252,6/8/2016,8,24,6,Jun,2,2016,3,Tuesday,Weekday
253,2/4/2018,4,6,2,Feb,1,2018,7,Saturday,Weekend
254,9/14/2015,14,38,9,Sep,3,2015,1,Sunday,Weekend
255,9/4/2018,4,36,9,Sep,3,2018,2,Monday,Weekday
256,11/28/2022,28,49,11,Nov,4,2022,1,Sunday,Weekend
257,2/10/2019,10,7,2,Feb,1,2019,7,Saturday,Weekend
258,9/2/2013,2,36,9,Sep,3,2013,1,Sunday,Weekend
259,9/2/2020,2,36,9,Sep,3,2020,3,Tuesday,Weekday
260,6/13/2016,13,25,6,Jun,2,2016,1,Sunday,Weekend
261,12/30/2017,30,52,12,Dec,4,2017,6,Friday,Weekday
262,3/27/2016,27,14,3,Mar,1,2016,7,Saturday,Weekend
263,7/28/2023,28,30,7,Jul,3,2023,5,Thursday,Weekday
264,12/29/2018,29,52,12,Dec,4,2018,6,Friday,Weekday
265,3/24/2015,24,13,3,Mar,1,2015,2,Monday,Weekday
266,1/16/2014,16,3,1,Jan,1,2014,4,Wednesday,Weekday
267,11/29/2013,29,48,11,Nov,4,2013,5,Thursday,Weekday
268,12/16/2021,16,51,12,Dec,4,2021,4,Wednesday,Weekday
269,12/10/2014,10,50,12,Dec,4,2014,3,Tuesday,Weekday
270,4/27/2021,27,18,4,Apr,2,2021,2,Monday,Weekday
271,9/14/2018,14,37,9,Sep,3,2018,5,Thursday,Weekday
272,8/6/2015,6,32,8,Aug,3,2015,4,Wednesday,Weekday
273,3/31/2023,31,13,3,Mar,1,2023,5,Thursday,Weekday
274,9/20/2021,20,39,9,Sep,3,2021,1,Sunday,Weekend
275,7/25/2021,25,31,7,Jul,3,2021,7,Saturday,Weekend
276,7/18/2014,18,29,7,Jul,3,2014,5,Thursday,Weekday
277,8/7/2021,7,32,8,Aug,3,2021,6,Friday,Weekday
278,7/20/2016,20,30,7,Jul,3,2016,3,Tuesday,Weekday
279,12/19/2021,19,52,12,Dec,4,2021,7,Saturday,Weekend
280,7/1/2019,1,27,7,Jul,3,2019,1,Sunday,Weekend
281,3/28/2019,28,13,3,Mar,1,2019,4,Wednesday,Weekday
282,11/28/2020,28,48,11,Nov,4,2020,6,Friday,Weekday
283,5/15/2019,15,20,5,May,2,2019,3,Tuesday,Weekday
284,4/2/2021,2,14,4,Apr,2,2021,5,Thursday,Weekday
285,12/25/2013,25,52,12,Dec,4,2013,3,Tuesday,Weekday
286,8/16/2019,16,33,8,Aug,3,2019,5,Thursday,Weekday
287,8/13/2015,13,33,8,Aug,3,2015,4,Wednesday,Weekday
288,6/17/2022,17,25,6,Jun,2,2022,5,Thursday,Weekday
289,11/4/2018,4,45,11,Nov,4,2018,7,Saturday,Weekend
290,10/31/2015,31,44,10,Oct,4,2015,6,Friday,Weekday
291,3/19/2023,19,12,3,Mar,1,2023,7,Saturday,Weekend
292,2/25/2017,25,8,2,Feb,1,2017,6,Friday,Weekday
293,6/24/2021,24,26,6,Jun,2,2021,4,Wednesday,Weekday
294,3/17/2018,17,11,3,Mar,1,2018,6,Friday,Weekday
295,5/18/2018,18,20,5,May,2,2018,5,Thursday,Weekday
296,9/30/2013,30,40,9,Sep,3,2013,1,Sunday,Weekend
297,9/28/2013,28,39,9,Sep,3,2013,6,Friday,Weekday
298,6/27/2020,27,26,6,Jun,2,2020,6,Friday,Weekday
299,1/20/2021,20,4,1,Jan,1,2021,3,Tuesday,Weekday
300,8/30/2014,30,35,8,Aug,3,2014,6,Friday,Weekday
301,6/27/2018,27,26,6,Jun,2,2018,3,Tuesday,Weekday
302,2/10/2021,10,7,2,Feb,1,2021,3,Tuesday,Weekday
303,12/15/2019,15,51,12,Dec,4,2019,7,Saturday,Weekend
304,9/29/2020,29,40,9,Sep,3,2020,2,Monday,Weekday
305,6/23/2022,23,26,6,Jun,2,2022,4,Wednesday,Weekday
306,7/29/2013,29,31,7,Jul,3,2013,1,Sunday,Weekend
307,6/9/2023,9,23,6,Jun,2,2023,5,Thursday,Weekday
308,5/24/2022,24,22,5,May,2,2022,2,Monday,Weekday
309,4/4/2023,4,14,4,Apr,2,2023,2,Monday,Weekday
310,1/10/2014,10,2,1,Jan,1,2014,5,Thursday,Weekday
311,12/28/2015,28,53,12,Dec,4,2015,1,Sunday,Weekend
312,9/15/2016,15,38,9,Sep,3,2016,4,Wednesday,Weekday
313,8/12/2019,12,33,8,Aug,3,2019,1,Sunday,Weekend
314,2/24/2018,24,8,2,Feb,1,2018,6,Friday,Weekday
315,7/9/2023,9,28,7,Jul,3,2023,7,Saturday,Weekend
316,4/30/2017,30,18,4,Apr,2,2017,7,Saturday,Weekend
317,7/16/2019,16,29,7,Jul,3,2019,2,Monday,Weekday
318,3/9/2022,9,11,3,Mar,1,2022,3,Tuesday,Weekday
319,12/19/2022,19,52,12,Dec,4,2022,1,Sunday,Weekend
320,5/15/2015,15,20,5,May,2,2015,5,Thursday,Weekday
321,8/27/2017,27,35,8,Aug,3,2017,7,Saturday,Weekend
322,10/25/2015,25,44,10,Oct,4,2015,7,Saturday,Weekend
323,10/29/2018,29,44,10,Oct,4,2018,1,Sunday,Weekend
324,4/12/2018,12,15,4,Apr,2,2018,4,Wednesday,Weekday
325,2/25/2022,25,9,2,Feb,1,2022,5,Thursday,Weekday
326,4/15/2021,15,16,4,Apr,2,2021,4,Wednesday,Weekday
327,1/29/2017,29,5,1,Jan,1,2017,7,Saturday,Weekend
328,4/2/2019,2,14,4,Apr,2,2019,2,Monday,Weekday
329,8/29/2021,29,36,8,Aug,3,2021,7,Saturday,Weekend
330,5/11/2015,11,20,5,May,2,2015,1,Sunday,Weekend
331,7/16/2018,16,29,7,Jul,3,2018,1,Sunday,Weekend
332,3/24/2020,24,13,3,Mar,1,2020,2,Monday,Weekday
333,9/3/2022,3,36,9,Sep,3,2022,6,Friday,Weekday
334,3/21/2023,21,12,3,Mar,1,2023,2,Monday,Weekday
335,10/29/2022,29,44,10,Oct,4,2022,6,Friday,Weekday
336,4/20/2023,20,16,4,Apr,2,2023,4,Wednesday,Weekday
337,3/14/2022,14,12,3,Mar,1,2022,1,Sunday,Weekend
338,10/17/2019,17,42,10,Oct,4,2019,4,Wednesday,Weekday
339,12/18/2014,18,51,12,Dec,4,2014,4,Wednesday,Weekday
340,9/5/2018,5,36,9,Sep,3,2018,3,Tuesday,Weekday
341,8/26/2017,26,34,8,Aug,3,2017,6,Friday,Weekday
342,9/22/2016,22,39,9,Sep,3,2016,4,Wednesday,Weekday
343,9/30/2020,30,40,9,Sep,3,2020,3,Tuesday,Weekday
344,4/26/2022,26,18,4,Apr,2,2022,2,Monday,Weekday
345,7/18/2017,18,29,7,Jul,3,2017,2,Monday,Weekday
346,3/19/2019,19,12,3,Mar,1,2019,2,Monday,Weekday
347,5/8/2020,8,19,5,May,2,2020,5,Thursday,Weekday
348,4/18/2014,18,16,4,Apr,2,2014,5,Thursday,Weekday
349,11/22/2018,22,47,11,Nov,4,2018,4,Wednesday,Weekday
350,2/19/2020,19,8,2,Feb,1,2020,3,Tuesday,Weekday
351,5/25/2019,25,21,5,May,2,2019,6,Friday,Weekday
352,6/28/2022,28,27,6,Jun,2,2022,2,Monday,Weekday
353,3/1/2022,1,10,3,Mar,1,2022,2,Monday,Weekday
354,7/26/2017,26,30,7,Jul,3,2017,3,Tuesday,Weekday
355,12/12/2021,12,51,12,Dec,4,2021,7,Saturday,Weekend
356,12/8/2018,8,49,12,Dec,4,2018,6,Friday,Weekday
357,4/19/2020,19,17,4,Apr,2,2020,7,Saturday,Weekend
358,11/9/2015,9,46,11,Nov,4,2015,1,Sunday,Weekend
359,4/29/2014,29,18,4,Apr,2,2014,2,Monday,Weekday
360,10/9/2020,9,41,10,Oct,4,2020,5,Thursday,Weekday
361,4/12/2022,12,16,4,Apr,2,2022,2,Monday,Weekday
362,2/20/2023,20,8,2,Feb,1,2023,1,Sunday,Weekend
363,9/21/2015,21,39,9,Sep,3,2015,1,Sunday,Weekend
364,1/16/2016,16,3,1,Jan,1,2016,6,Friday,Weekday
365,5/24/2017,24,21,5,May,2,2017,3,Tuesday,Weekday
366,2/20/2016,20,8,2,Feb,1,2016,6,Friday,Weekday
367,10/23/2022,23,44,10,Oct,4,2022,7,Saturday,Weekend
368,3/15/2017,15,11,3,Mar,1,2017,3,Tuesday,Weekday
369,12/30/2022,30,53,12,Dec,4,2022,5,Thursday,Weekday
370,10/8/2020,8,41,10,Oct,4,2020,4,Wednesday,Weekday
371,5/8/2017,8,19,5,May,2,2017,1,Sunday,Weekend
372,10/17/2018,17,42,10,Oct,4,2018,3,Tuesday,Weekday
373,9/3/2017,3,36,9,Sep,3,2017,7,Saturday,Weekend
374,11/21/2019,21,47,11,Nov,4,2019,4,Wednesday,Weekday
375,4/24/2023,24,17,4,Apr,2,2023,1,Sunday,Weekend
376,3/15/2016,15,12,3,Mar,1,2016,2,Monday,Weekday
377,7/8/2020,8,28,7,Jul,3,2020,3,Tuesday,Weekday
378,6/15/2014,15,25,6,Jun,2,2014,7,Saturday,Weekend
379,9/17/2022,17,38,9,Sep,3,2022,6,Friday,Weekday
380,9/2/2021,2,36,9,Sep,3,2021,4,Wednesday,Weekday
381,1/10/2018,10,2,1,Jan,1,2018,3,Tuesday,Weekday
382,7/23/2019,23,30,7,Jul,3,2019,2,Monday,Weekday
383,1/19/2018,19,3,1,Jan,1,2018,5,Thursday,Weekday
384,1/17/2015,17,3,1,Jan,1,2015,6,Friday,Weekday
385,7/2/2015,2,27,7,Jul,3,2015,4,Wednesday,Weekday
386,3/4/2020,4,10,3,Mar,1,2020,3,Tuesday,Weekday
387,3/23/2023,23,12,3,Mar,1,2023,4,Wednesday,Weekday
388,3/6/2018,6,10,3,Mar,1,2018,2,Monday,Weekday
389,3/9/2023,9,10,3,Mar,1,2023,4,Wednesday,Weekday
390,6/2/2022,2,23,6,Jun,2,2022,4,Wednesday,Weekday
391,5/3/2014,3,18,5,May,2,2014,6,Friday,Weekday
392,2/19/2021,19,8,2,Feb,1,2021,5,Thursday,Weekday
393,8/30/2020,30,36,8,Aug,3,2020,7,Saturday,Weekend
394,9/25/2022,25,40,9,Sep,3,2022,7,Saturday,Weekend
395,4/14/2015,14,16,4,Apr,2,2015,2,Monday,Weekday
396,7/28/2016,28,31,7,Jul,3,2016,4,Wednesday,Weekday
397,7/17/2019,17,29,7,Jul,3,2019,3,Tuesday,Weekday
398,5/7/2023,7,19,5,May,2,2023,7,Saturday,Weekend
399,12/21/2013,21,51,12,Dec,4,2013,6,Friday,Weekday
400,5/9/2021,9,20,5,May,2,2021,7,Saturday,Weekend
401,9/30/2014,30,40,9,Sep,3,2014,2,Monday,Weekday
402,4/11/2019,11,15,4,Apr,2,2019,4,Wednesday,Weekday
403,8/8/2016,8,33,8,Aug,3,2016,1,Sunday,Weekend
404,5/7/2021,7,19,5,May,2,2021,5,Thursday,Weekday
405,4/25/2016,25,18,4,Apr,2,2016,1,Sunday,Weekend
406,9/1/2017,1,35,9,Sep,3,2017,5,Thursday,Weekday
407,9/8/2017,8,36,9,Sep,3,2017,5,Thursday,Weekday
408,9/2/2018,2,36,9,Sep,3,2018,7,Saturday,Weekend
409,5/31/2023,31,22,5,May,2,2023,3,Tuesday,Weekday
410,12/6/2022,6,50,12,Dec,4,2022,2,Monday,Weekday
411,3/2/2015,2,10,3,Mar,1,2015,1,Sunday,Weekend
412,1/20/2014,20,4,1,Jan,1,2014,1,Sunday,Weekend
413,2/21/2016,21,9,2,Feb,1,2016,7,Saturday,Weekend
414,12/25/2018,25,52,12,Dec,4,2018,2,Monday,Weekday
415,7/31/2017,31,31,7,Jul,3,2017,1,Sunday,Weekend
416,10/1/2013,1,40,10,Oct,4,2013,2,Monday,Weekday
417,3/15/2019,15,11,3,Mar,1,2019,5,Thursday,Weekday
418,3/9/2014,9,11,3,Mar,1,2014,7,Saturday,Weekend
419,7/12/2021,12,29,7,Jul,3,2021,1,Sunday,Weekend
420,10/26/2017,26,43,10,Oct,4,2017,4,Wednesday,Weekday
421,8/12/2014,12,33,8,Aug,3,2014,2,Monday,Weekday
422,10/31/2020,31,44,10,Oct,4,2020,6,Friday,Weekday
423,7/3/2018,3,27,7,Jul,3,2018,2,Monday,Weekday
424,12/23/2013,23,52,12,Dec,4,2013,1,Sunday,Weekend
425,1/6/2023,6,1,1,Jan,1,2023,5,Thursday,Weekday
426,7/11/2019,11,28,7,Jul,3,2019,4,Wednesday,Weekday
427,10/20/2016,20,43,10,Oct,4,2016,4,Wednesday,Weekday
428,8/13/2021,13,33,8,Aug,3,2021,5,Thursday,Weekday
429,11/10/2022,10,46,11,Nov,4,2022,4,Wednesday,Weekday
430,9/21/2019,21,38,9,Sep,3,2019,6,Friday,Weekday
431,11/23/2017,23,47,11,Nov,4,2017,4,Wednesday,Weekday
432,12/5/2017,5,49,12,Dec,4,2017,2,Monday,Weekday
433,8/16/2017,16,33,8,Aug,3,2017,3,Tuesday,Weekday
434,6/26/2018,26,26,6,Jun,2,2018,2,Monday,Weekday
435,2/6/2014,6,6,2,Feb,1,2014,4,Wednesday,Weekday
436,7/11/2017,11,28,7,Jul,3,2017,2,Monday,Weekday
437,5/24/2018,24,21,5,May,2,2018,4,Wednesday,Weekday
438,6/20/2018,20,25,6,Jun,2,2018,3,Tuesday,Weekday
439,7/21/2014,21,30,7,Jul,3,2014,1,Sunday,Weekend
440,9/29/2020,29,40,9,Sep,3,2020,2,Monday,Weekday
441,9/20/2013,20,38,9,Sep,3,2013,5,Thursday,Weekday
442,5/10/2023,10,19,5,May,2,2023,3,Tuesday,Weekday
443,7/4/2014,4,27,7,Jul,3,2014,5,Thursday,Weekday
444,9/15/2017,15,37,9,Sep,3,2017,5,Thursday,Weekday
445,5/20/2016,20,21,5,May,2,2016,5,Thursday,Weekday
446,2/3/2016,3,6,2,Feb,1,2016,3,Tuesday,Weekday
447,4/10/2017,10,15,4,Apr,2,2017,1,Sunday,Weekend
448,2/28/2015,28,9,2,Feb,1,2015,6,Friday,Weekday
449,12/26/2020,26,52,12,Dec,4,2020,6,Friday,Weekday
450,2/15/2014,15,7,2,Feb,1,2014,6,Friday,Weekday
451,5/10/2019,10,19,5,May,2,2019,5,Thursday,Weekday
452,8/30/2019,30,35,8,Aug,3,2019,5,Thursday,Weekday
453,5/5/2014,5,19,5,May,2,2014,1,Sunday,Weekend
454,8/9/2016,9,33,8,Aug,3,2016,2,Monday,Weekday
455,1/26/2019,26,4,1,Jan,1,2019,6,Friday,Weekday
456,7/12/2018,12,28,7,Jul,3,2018,4,Wednesday,Weekday
457,4/17/2014,17,16,4,Apr,2,2014,4,Wednesday,Weekday
458,8/15/2014,15,33,8,Aug,3,2014,5,Thursday,Weekday
459,2/17/2014,17,8,2,Feb,1,2014,1,Sunday,Weekend
460,5/23/2015,23,21,5,May,2,2015,6,Friday,Weekday
461,11/7/2017,7,45,11,Nov,4,2017,2,Monday,Weekday
462,3/22/2021,22,13,3,Mar,1,2021,1,Sunday,Weekend
463,12/12/2015,12,50,12,Dec,4,2015,6,Friday,Weekday
464,6/20/2020,20,25,6,Jun,2,2020,6,Friday,Weekday
465,4/19/2018,19,16,4,Apr,2,2018,4,Wednesday,Weekday
466,7/1/2020,1,27,7,Jul,3,2020,3,Tuesday,Weekday
467,4/13/2018,13,15,4,Apr,2,2018,5,Thursday,Weekday
468,10/8/2019,8,41,10,Oct,4,2019,2,Monday,Weekday
469,8/3/2016,3,32,8,Aug,3,2016,3,Tuesday,Weekday
470,11/18/2022,18,47,11,Nov,4,2022,5,Thursday,Weekday
471,6/2/2017,2,22,6,Jun,2,2017,5,Thursday,Weekday
472,6/10/2016,10,24,6,Jun,2,2016,5,Thursday,Weekday
473,12/30/2015,30,53,12,Dec,4,2015,3,Tuesday,Weekday
474,7/13/2021,13,29,7,Jul,3,2021,2,Monday,Weekday
475,7/12/2018,12,28,7,Jul,3,2018,4,Wednesday,Weekday
476,10/11/2014,11,41,10,Oct,4,2014,6,Friday,Weekday
477,3/16/2019,16,11,3,Mar,1,2019,6,Friday,Weekday
478,12/3/2013,3,49,12,Dec,4,2013,2,Monday,Weekday
479,10/5/2014,5,41,10,Oct,4,2014,7,Saturday,Weekend
480,8/11/2013,11,33,8,Aug,3,2013,7,Saturday,Weekend
481,2/11/2019,11,7,2,Feb,1,2019,1,Sunday,Weekend
482,10/5/2018,5,40,10,Oct,4,2018,5,Thursday,Weekday
483,9/14/2021,14,38,9,Sep,3,2021,2,Monday,Weekday
484,11/11/2015,11,46,11,Nov,4,2015,3,Tuesday,Weekday
485,6/2/2017,2,22,6,Jun,2,2017,5,Thursday,Weekday
486,6/17/2022,17,25,6,Jun,2,2022,5,Thursday,Weekday
487,4/1/2020,1,14,4,Apr,2,2020,3,Tuesday,Weekday
488,11/24/2015,24,48,11,Nov,4,2015,2,Monday,Weekday
489,4/10/2017,10,15,4,Apr,2,2017,1,Sunday,Weekend
490,9/30/2014,30,40,9,Sep,3,2014,2,Monday,Weekday
491,9/24/2015,24,39,9,Sep,3,2015,4,Wednesday,Weekday
492,11/6/2014,6,45,11,Nov,4,2014,4,Wednesday,Weekday
493,9/30/2022,30,40,9,Sep,3,2022,5,Thursday,Weekday
494,7/24/2023,24,30,7,Jul,3,2023,1,Sunday,Weekend
495,1/15/2023,15,3,1,Jan,1,2023,7,Saturday,Weekend
496,3/4/2014,4,10,3,Mar,1,2014,2,Monday,Weekday
497,12/6/2020,6,50,12,Dec,4,2020,7,Saturday,Weekend
498,12/14/2021,14,51,12,Dec,4,2021,2,Monday,Weekday
499,3/27/2021,27,13,3,Mar,1,2021,6,Friday,Weekday
500,3/8/2023,8,10,3,Mar,1,2023,3,Tuesday,Weekday
501,1/7/2019,7,2,1,Jan,1,2019,1,Sunday,Weekend
502,10/27/2013,27,44,10,Oct,4,2013,7,Saturday,Weekend
503,9/15/2020,15,38,9,Sep,3,2020,2,Monday,Weekday
504,6/1/2014,1,23,6,Jun,2,2014,7,Saturday,Weekend
505,2/2/2022,2,6,2,Feb,1,2022,3,Tuesday,Weekday
506,12/1/2022,1,49,12,Dec,4,2022,4,Wednesday,Weekday
507,11/26/2014,26,48,11,Nov,4,2014,3,Tuesday,Weekday
508,12/30/2017,30,52,12,Dec,4,2017,6,Friday,Weekday
509,1/6/2017,6,1,1,Jan,1,2017,5,Thursday,Weekday
510,12/4/2018,4,49,12,Dec,4,2018,2,Monday,Weekday
511,3/8/2017,8,10,3,Mar,1,2017,3,Tuesday,Weekday
512,4/4/2021,4,15,4,Apr,2,2021,7,Saturday,Weekend
513,3/4/2014,4,10,3,Mar,1,2014,2,Monday,Weekday
514,7/12/2019,12,28,7,Jul,3,2019,5,Thursday,Weekday
515,2/26/2014,26,9,2,Feb,1,2014,3,Tuesday,Weekday
516,11/28/2021,28,49,11,Nov,4,2021,7,Saturday,Weekend
517,5/6/2023,6,18,5,May,2,2023,6,Friday,Weekday
518,10/11/2020,11,42,10,Oct,4,2020,7,Saturday,Weekend
519,2/14/2021,14,8,2,Feb,1,2021,7,Saturday,Weekend
520,5/18/2017,18,20,5,May,2,2017,4,Wednesday,Weekday
521,12/28/2022,28,53,12,Dec,4,2022,3,Tuesday,Weekday
522,4/25/2023,25,17,4,Apr,2,2023,2,Monday,Weekday
523,5/18/2015,18,21,5,May,2,2015,1,Sunday,Weekend
524,5/4/2019,4,18,5,May,2,2019,6,Friday,Weekday
525,5/29/2020,29,22,5,May,2,2020,5,Thursday,Weekday
526,1/16/2017,16,3,1,Jan,1,2017,1,Sunday,Weekend
527,12/17/2017,17,51,12,Dec,4,2017,7,Saturday,Weekend
528,7/14/2020,14,29,7,Jul,3,2020,2,Monday,Weekday
529,3/31/2023,31,13,3,Mar,1,2023,5,Thursday,Weekday
530,8/23/2022,23,35,8,Aug,3,2022,2,Monday,Weekday
531,11/10/2018,10,45,11,Nov,4,2018,6,Friday,Weekday
532,9/1/2018,1,35,9,Sep,3,2018,6,Friday,Weekday
533,11/28/2017,28,48,11,Nov,4,2017,2,Monday,Weekday
534,8/2/2018,2,31,8,Aug,3,2018,4,Wednesday,Weekday
535,7/30/2018,30,31,7,Jul,3,2018,1,Sunday,Weekend
536,5/20/2015,20,21,5,May,2,2015,3,Tuesday,Weekday
537,11/27/2021,27,48,11,Nov,4,2021,6,Friday,Weekday
538,11/7/2022,7,46,11,Nov,4,2022,1,Sunday,Weekend
539,10/2/2018,2,40,10,Oct,4,2018,2,Monday,Weekday
540,12/24/2020,24,52,12,Dec,4,2020,4,Wednesday,Weekday
541,2/3/2022,3,6,2,Feb,1,2022,4,Wednesday,Weekday
542,3/17/2017,17,11,3,Mar,1,2017,5,Thursday,Weekday
543,10/25/2014,25,43,10,Oct,4,2014,6,Friday,Weekday
544,5/20/2022,20,21,5,May,2,2022,5,Thursday,Weekday
545,2/6/2019,6,6,2,Feb,1,2019,3,Tuesday,Weekday
546,9/2/2018,2,36,9,Sep,3,2018,7,Saturday,Weekend
547,6/20/2021,20,26,6,Jun,2,2021,7,Saturday,Weekend
548,9/27/2019,27,39,9,Sep,3,2019,5,Thursday,Weekday
549,12/4/2016,4,50,12,Dec,4,2016,7,Saturday,Weekend
550,2/18/2016,18,8,2,Feb,1,2016,4,Wednesday,Weekday
551,8/28/2013,28,35,8,Aug,3,2013,3,Tuesday,Weekday
552,1/6/2020,6,2,1,Jan,1,2020,1,Sunday,Weekend
553,8/6/2017,6,32,8,Aug,3,2017,7,Saturday,Weekend
554,1/24/2017,24,4,1,Jan,1,2017,2,Monday,Weekday
555,12/17/2013,17,51,12,Dec,4,2013,2,Monday,Weekday
556,9/11/2021,11,37,9,Sep,3,2021,6,Friday,Weekday
557,11/17/2021,17,47,11,Nov,4,2021,3,Tuesday,Weekday
558,7/27/2021,27,31,7,Jul,3,2021,2,Monday,Weekday
559,8/2/2021,2,32,8,Aug,3,2021,1,Sunday,Weekend
560,12/18/2015,18,51,12,Dec,4,2015,5,Thursday,Weekday
561,7/21/2015,21,30,7,Jul,3,2015,2,Monday,Weekday
562,1/20/2023,20,3,1,Jan,1,2023,5,Thursday,Weekday
563,1/6/2015,6,2,1,Jan,1,2015,2,Monday,Weekday
564,4/7/2016,7,15,4,Apr,2,2016,4,Wednesday,Weekday
565,7/26/2015,26,31,7,Jul,3,2015,7,Saturday,Weekend
566,2/13/2015,13,7,2,Feb,1,2015,5,Thursday,Weekday
567,8/4/2022,4,32,8,Aug,3,2022,4,Wednesday,Weekday
568,3/12/2017,12,11,3,Mar,1,2017,7,Saturday,Weekend
569,6/24/2015,24,26,6,Jun,2,2015,3,Tuesday,Weekday
570,9/26/2013,26,39,9,Sep,3,2013,4,Wednesday,Weekday
571,5/11/2016,11,20,5,May,2,2016,3,Tuesday,Weekday
572,12/12/2018,12,50,12,Dec,4,2018,3,Tuesday,Weekday
573,5/5/2018,5,18,5,May,2,2018,6,Friday,Weekday
574,1/30/2017,30,5,1,Jan,1,2017,1,Sunday,Weekend
575,12/7/2015,7,50,12,Dec,4,2015,1,Sunday,Weekend
576,2/18/2019,18,8,2,Feb,1,2019,1,Sunday,Weekend
577,8/26/2014,26,35,8,Aug,3,2014,2,Monday,Weekday
578,4/27/2020,27,18,4,Apr,2,2020,1,Sunday,Weekend
579,8/25/2020,25,35,8,Aug,3,2020,2,Monday,Weekday
580,1/2/2014,2,1,1,Jan,1,2014,4,Wednesday,Weekday
581,12/11/2021,11,50,12,Dec,4,2021,6,Friday,Weekday
582,2/4/2022,4,6,2,Feb,1,2022,5,Thursday,Weekday
583,4/22/2016,22,17,4,Apr,2,2016,5,Thursday,Weekday
584,2/10/2014,10,7,2,Feb,1,2014,1,Sunday,Weekend
585,6/2/2021,2,23,6,Jun,2,2021,3,Tuesday,Weekday
586,1/14/2022,14,3,1,Jan,1,2022,5,Thursday,Weekday
587,3/23/2014,23,13,3,Mar,1,2014,7,Saturday,Weekend
588,12/1/2017,1,48,12,Dec,4,2017,5,Thursday,Weekday
589,7/17/2023,17,29,7,Jul,3,2023,1,Sunday,Weekend
590,6/6/2018,6,23,6,Jun,2,2018,3,Tuesday,Weekday
591,11/13/2014,13,46,11,Nov,4,2014,4,Wednesday,Weekday
592,4/10/2019,10,15,4,Apr,2,2019,3,Tuesday,Weekday
593,9/14/2014,14,38,9,Sep,3,2014,7,Saturday,Weekend
594,6/14/2015,14,25,6,Jun,2,2015,7,Saturday,Weekend
595,6/30/2014,30,27,6,Jun,2,2014,1,Sunday,Weekend
596,9/30/2014,30,40,9,Sep,3,2014,2,Monday,Weekday
597,9/11/2014,11,37,9,Sep,3,2014,4,Wednesday,Weekday
598,3/24/2015,24,13,3,Mar,1,2015,2,Monday,Weekday
599,1/7/2022,7,2,1,Jan,1,2022,5,Thursday,Weekday
600,8/16/2013,16,33,8,Aug,3,2013,5,Thursday,Weekday
601,11/22/2021,22,48,11,Nov,4,2021,1,Sunday,Weekend
602,1/30/2023,30,5,1,Jan,1,2023,1,Sunday,Weekend
603,8/6/2019,6,32,8,Aug,3,2019,2,Monday,Weekday
604,8/11/2015,11,33,8,Aug,3,2015,2,Monday,Weekday
605,2/10/2016,10,7,2,Feb,1,2016,3,Tuesday,Weekday
606,1/4/2018,4,1,1,Jan,1,2018,4,Wednesday,Weekday
607,12/30/2013,30,53,12,Dec,4,2013,1,Sunday,Weekend
608,11/15/2020,15,47,11,Nov,4,2020,7,Saturday,Weekend
609,6/8/2023,8,23,6,Jun,2,2023,4,Wednesday,Weekday
610,7/7/2018,7,27,7,Jul,3,2018,6,Friday,Weekday
611,7/12/2017,12,28,7,Jul,3,2017,3,Tuesday,Weekday
612,4/30/2014,30,18,4,Apr,2,2014,3,Tuesday,Weekday
613,1/11/2017,11,2,1,Jan,1,2017,3,Tuesday,Weekday
614,8/3/2020,3,32,8,Aug,3,2020,1,Sunday,Weekend
615,4/7/2018,7,14,4,Apr,2,2018,6,Friday,Weekday
616,2/22/2021,22,9,2,Feb,1,2021,1,Sunday,Weekend
617,6/10/2014,10,24,6,Jun,2,2014,2,Monday,Weekday
618,1/6/2015,6,2,1,Jan,1,2015,2,Monday,Weekday
619,3/7/2015,7,10,3,Mar,1,2015,6,Friday,Weekday
620,3/2/2018,2,9,3,Mar,1,2018,5,Thursday,Weekday
621,7/10/2018,10,28,7,Jul,3,2018,2,Monday,Weekday
622,7/12/2015,12,29,7,Jul,3,2015,7,Saturday,Weekend
623,12/2/2014,2,49,12,Dec,4,2014,2,Monday,Weekday
624,10/12/2020,12,42,10,Oct,4,2020,1,Sunday,Weekend
625,10/4/2013,4,40,10,Oct,4,2013,5,Thursday,Weekday
626,2/5/2018,5,6,2,Feb,1,2018,1,Sunday,Weekend
627,5/29/2018,29,22,5,May,2,2018,2,Monday,Weekday
628,6/20/2021,20,26,6,Jun,2,2021,7,Saturday,Weekend
629,3/26/2016,26,13,3,Mar,1,2016,6,Friday,Weekday
630,1/13/2017,13,2,1,Jan,1,2017,5,Thursday,Weekday
631,3/7/2018,7,10,3,Mar,1,2018,3,Tuesday,Weekday
632,5/23/2016,23,22,5,May,2,2016,1,Sunday,Weekend
633,5/7/2015,7,19,5,May,2,2015,4,Wednesday,Weekday
634,8/11/2018,11,32,8,Aug,3,2018,6,Friday,Weekday
635,2/9/2017,9,6,2,Feb,1,2017,4,Wednesday,Weekday
636,12/9/2016,9,50,12,Dec,4,2016,5,Thursday,Weekday
637,5/20/2022,20,21,5,May,2,2022,5,Thursday,Weekday
638,1/29/2016,29,5,1,Jan,1,2016,5,Thursday,Weekday
639,3/21/2019,21,12,3,Mar,1,2019,4,Wednesday,Weekday
640,7/31/2015,31,31,7,Jul,3,2015,5,Thursday,Weekday
641,1/6/2021,6,2,1,Jan,1,2021,3,Tuesday,Weekday
642,7/20/2017,20,29,7,Jul,3,2017,4,Wednesday,Weekday
643,9/30/2013,30,40,9,Sep,3,2013,1,Sunday,Weekend
644,9/27/2019,27,39,9,Sep,3,2019,5,Thursday,Weekday
645,11/28/2021,28,49,11,Nov,4,2021,7,Saturday,Weekend
646,2/13/2016,13,7,2,Feb,1,2016,6,Friday,Weekday
647,1/14/2022,14,3,1,Jan,1,2022,5,Thursday,Weekday
648,2/2/2018,2,5,2,Feb,1,2018,5,Thursday,Weekday
649,12/22/2019,22,52,12,Dec,4,2019,7,Saturday,Weekend
650,8/2/2018,2,31,8,Aug,3,2018,4,Wednesday,Weekday
651,7/29/2019,29,31,7,Jul,3,2019,1,Sunday,Weekend
652,6/19/2023,19,25,6,Jun,2,2023,1,Sunday,Weekend
653,2/9/2023,9,6,2,Feb,1,2023,4,Wednesday,Weekday
654,11/5/2021,5,45,11,Nov,4,2021,5,Thursday,Weekday
655,2/23/2019,23,8,2,Feb,1,2019,6,Friday,Weekday
656,5/27/2018,27,22,5,May,2,2018,7,Saturday,Weekend
657,7/3/2017,3,27,7,Jul,3,2017,1,Sunday,Weekend
658,8/8/2022,8,33,8,Aug,3,2022,1,Sunday,Weekend
659,1/8/2020,8,2,1,Jan,1,2020,3,Tuesday,Weekday
660,3/15/2015,15,12,3,Mar,1,2015,7,Saturday,Weekend
661,9/28/2020,28,40,9,Sep,3,2020,1,Sunday,Weekend
662,12/16/2020,16,51,12,Dec,4,2020,3,Tuesday,Weekday
663,9/20/2021,20,39,9,Sep,3,2021,1,Sunday,Weekend
664,1/12/2018,12,2,1,Jan,1,2018,5,Thursday,Weekday
665,7/31/2015,31,31,7,Jul,3,2015,5,Thursday,Weekday
666,3/28/2015,28,13,3,Mar,1,2015,6,Friday,Weekday
667,2/25/2022,25,9,2,Feb,1,2022,5,Thursday,Weekday
668,11/1/2019,1,44,11,Nov,4,2019,5,Thursday,Weekday
669,4/24/2023,24,17,4,Apr,2,2023,1,Sunday,Weekend
670,7/3/2021,3,27,7,Jul,3,2021,6,Friday,Weekday
671,2/22/2017,22,8,2,Feb,1,2017,3,Tuesday,Weekday
672,3/9/2015,9,11,3,Mar,1,2015,1,Sunday,Weekend
673,11/18/2017,18,46,11,Nov,4,2017,6,Friday,Weekday
674,10/22/2020,22,43,10,Oct,4,2020,4,Wednesday,Weekday
675,6/15/2017,15,24,6,Jun,2,2017,4,Wednesday,Weekday
676,8/18/2015,18,34,8,Aug,3,2015,2,Monday,Weekday
677,5/13/2015,13,20,5,May,2,2015,3,Tuesday,Weekday
678,7/17/2023,17,29,7,Jul,3,2023,1,Sunday,Weekend
679,6/3/2014,3,23,6,Jun,2,2014,2,Monday,Weekday
680,1/22/2020,22,4,1,Jan,1,2020,3,Tuesday,Weekday
681,1/7/2018,7,2,1,Jan,1,2018,7,Saturday,Weekend
682,12/4/2022,4,50,12,Dec,4,2022,7,Saturday,Weekend
683,12/28/2020,28,53,12,Dec,4,2020,1,Sunday,Weekend
684,7/2/2021,2,27,7,Jul,3,2021,5,Thursday,Weekday
685,5/19/2020,19,21,5,May,2,2020,2,Monday,Weekday
686,3/3/2020,3,10,3,Mar,1,2020,2,Monday,Weekday
687,3/24/2018,24,12,3,Mar,1,2018,6,Friday,Weekday
688,2/22/2016,22,9,2,Feb,1,2016,1,Sunday,Weekend
689,3/29/2020,29,14,3,Mar,1,2020,7,Saturday,Weekend
690,10/11/2013,11,41,10,Oct,4,2013,5,Thursday,Weekday
691,3/26/2014,26,13,3,Mar,1,2014,3,Tuesday,Weekday
692,8/20/2014,20,34,8,Aug,3,2014,3,Tuesday,Weekday
693,5/1/2015,1,18,5,May,2,2015,5,Thursday,Weekday
694,5/31/2015,31,23,5,May,2,2015,7,Saturday,Weekend
695,6/9/2016,9,24,6,Jun,2,2016,4,Wednesday,Weekday
696,6/23/2016,23,26,6,Jun,2,2016,4,Wednesday,Weekday
697,11/27/2017,27,48,11,Nov,4,2017,1,Sunday,Weekend
698,8/28/2014,28,35,8,Aug,3,2014,4,Wednesday,Weekday
699,10/18/2017,18,42,10,Oct,4,2017,3,Tuesday,Weekday
700,12/11/2014,11,50,12,Dec,4,2014,4,Wednesday,Weekday
701,8/14/2022,14,34,8,Aug,3,2022,7,Saturday,Weekend
702,3/26/2016,26,13,3,Mar,1,2016,6,Friday,Weekday
703,4/8/2021,8,15,4,Apr,2,2021,4,Wednesday,Weekday
704,9/13/2022,13,38,9,Sep,3,2022,2,Monday,Weekday
705,3/13/2023,13,11,3,Mar,1,2023,1,Sunday,Weekend
706,9/14/2022,14,38,9,Sep,3,2022,3,Tuesday,Weekday
707,9/15/2015,15,38,9,Sep,3,2015,2,Monday,Weekday
708,11/24/2017,24,47,11,Nov,4,2017,5,Thursday,Weekday
709,4/24/2022,24,18,4,Apr,2,2022,7,Saturday,Weekend
710,8/9/2017,9,32,8,Aug,3,2017,3,Tuesday,Weekday
711,4/8/2023,8,14,4,Apr,2,2023,6,Friday,Weekday
712,4/21/2020,21,17,4,Apr,2,2020,2,Monday,Weekday
713,3/9/2022,9,11,3,Mar,1,2022,3,Tuesday,Weekday
714,5/22/2014,22,21,5,May,2,2014,4,Wednesday,Weekday
715,4/11/2017,11,15,4,Apr,2,2017,2,Monday,Weekday
716,3/5/2014,5,10,3,Mar,1,2014,3,Tuesday,Weekday
717,4/13/2014,13,16,4,Apr,2,2014,7,Saturday,Weekend
718,8/5/2013,5,32,8,Aug,3,2013,1,Sunday,Weekend
719,7/15/2019,15,29,7,Jul,3,2019,1,Sunday,Weekend
720,4/11/2015,11,15,4,Apr,2,2015,6,Friday,Weekday
721,1/31/2014,31,5,1,Jan,1,2014,5,Thursday,Weekday
722,9/9/2017,9,36,9,Sep,3,2017,6,Friday,Weekday
723,12/20/2020,20,52,12,Dec,4,2020,7,Saturday,Weekend
724,12/24/2016,24,52,12,Dec,4,2016,6,Friday,Weekday
725,1/31/2022,31,6,1,Jan,1,2022,1,Sunday,Weekend
726,2/1/2021,1,6,2,Feb,1,2021,1,Sunday,Weekend
727,10/10/2015,10,41,10,Oct,4,2015,6,Friday,Weekday
728,2/12/2014,12,7,2,Feb,1,2014,3,Tuesday,Weekday
729,1/10/2020,10,2,1,Jan,1,2020,5,Thursday,Weekday
730,8/2/2018,2,31,8,Aug,3,2018,4,Wednesday,Weekday
731,11/10/2016,10,46,11,Nov,4,2016,4,Wednesday,Weekday
732,1/31/2015,31,5,1,Jan,1,2015,6,Friday,Weekday
733,2/29/2016,29,10,2,Feb,1,2016,1,Sunday,Weekend
734,1/4/2023,4,1,1,Jan,1,2023,3,Tuesday,Weekday
735,7/23/2015,23,30,7,Jul,3,2015,4,Wednesday,Weekday
736,6/25/2023,25,26,6,Jun,2,2023,7,Saturday,Weekend
737,3/24/2015,24,13,3,Mar,1,2015,2,Monday,Weekday
738,2/27/2021,27,9,2,Feb,1,2021,6,Friday,Weekday
739,4/18/2014,18,16,4,Apr,2,2014,5,Thursday,Weekday
740,7/7/2014,7,28,7,Jul,3,2014,1,Sunday,Weekend
741,3/9/2015,9,11,3,Mar,1,2015,1,Sunday,Weekend
742,3/5/2021,5,10,3,Mar,1,2021,5,Thursday,Weekday
743,6/1/2021,1,23,6,Jun,2,2021,2,Monday,Weekday
744,5/28/2016,28,22,5,May,2,2016,6,Friday,Weekday
745,9/4/2021,4,36,9,Sep,3,2021,6,Friday,Weekday
746,3/17/2014,17,12,3,Mar,1,2014,1,Sunday,Weekend
747,11/11/2022,11,46,11,Nov,4,2022,5,Thursday,Weekday
748,6/26/2015,26,26,6,Jun,2,2015,5,Thursday,Weekday
749,10/4/2019,4,40,10,Oct,4,2019,5,Thursday,Weekday
750,2/8/2015,8,7,2,Feb,1,2015,7,Saturday,Weekend
751,2/1/2014,1,5,2,Feb,1,2014,6,Friday,Weekday
752,9/29/2017,29,39,9,Sep,3,2017,5,Thursday,Weekday
753,7/31/2014,31,31,7,Jul,3,2014,4,Wednesday,Weekday
754,11/22/2020,22,48,11,Nov,4,2020,7,Saturday,Weekend
755,3/25/2023,25,12,3,Mar,1,2023,6,Friday,Weekday
756,4/3/2023,3,14,4,Apr,2,2023,1,Sunday,Weekend
757,1/2/2014,2,1,1,Jan,1,2014,4,Wednesday,Weekday
758,2/24/2017,24,8,2,Feb,1,2017,5,Thursday,Weekday
759,1/26/2019,26,4,1,Jan,1,2019,6,Friday,Weekday
760,3/13/2016,13,12,3,Mar,1,2016,7,Saturday,Weekend
761,7/6/2022,6,28,7,Jul,3,2022,3,Tuesday,Weekday
762,2/15/2014,15,7,2,Feb,1,2014,6,Friday,Weekday
763,5/29/2021,29,22,5,May,2,2021,6,Friday,Weekday
764,7/9/2014,9,28,7,Jul,3,2014,3,Tuesday,Weekday
765,9/20/2016,20,39,9,Sep,3,2016,2,Monday,Weekday
766,10/7/2019,7,41,10,Oct,4,2019,1,Sunday,Weekend
767,10/3/2021,3,41,10,Oct,4,2021,7,Saturday,Weekend
768,2/10/2020,10,7,2,Feb,1,2020,1,Sunday,Weekend
769,12/31/2016,31,53,12,Dec,4,2016,6,Friday,Weekday
770,9/25/2018,25,39,9,Sep,3,2018,2,Monday,Weekday
771,6/22/2017,22,25,6,Jun,2,2017,4,Wednesday,Weekday
772,11/2/2021,2,45,11,Nov,4,2021,2,Monday,Weekday
773,3/3/2017,3,9,3,Mar,1,2017,5,Thursday,Weekday
774,2/22/2015,22,9,2,Feb,1,2015,7,Saturday,Weekend
775,8/12/2017,12,32,8,Aug,3,2017,6,Friday,Weekday
776,9/16/2020,16,38,9,Sep,3,2020,3,Tuesday,Weekday
777,3/11/2015,11,11,3,Mar,1,2015,3,Tuesday,Weekday
778,9/7/2015,7,37,9,Sep,3,2015,1,Sunday,Weekend
779,1/8/2020,8,2,1,Jan,1,2020,3,Tuesday,Weekday
780,11/18/2019,18,47,11,Nov,4,2019,1,Sunday,Weekend
781,2/4/2015,4,6,2,Feb,1,2015,3,Tuesday,Weekday
782,12/4/2014,4,49,12,Dec,4,2014,4,Wednesday,Weekday
783,5/17/2016,17,21,5,May,2,2016,2,Monday,Weekday
784,7/3/2016,3,28,7,Jul,3,2016,7,Saturday,Weekend
785,7/12/2015,12,29,7,Jul,3,2015,7,Saturday,Weekend
786,10/16/2019,16,42,10,Oct,4,2019,3,Tuesday,Weekday
787,9/23/2015,23,39,9,Sep,3,2015,3,Tuesday,Weekday
788,10/29/2022,29,44,10,Oct,4,2022,6,Friday,Weekday
789,11/15/2013,15,46,11,Nov,4,2013,5,Thursday,Weekday
790,5/23/2014,23,21,5,May,2,2014,5,Thursday,Weekday
791,6/13/2018,13,24,6,Jun,2,2018,3,Tuesday,Weekday
792,5/25/2019,25,21,5,May,2,2019,6,Friday,Weekday
793,4/27/2017,27,17,4,Apr,2,2017,4,Wednesday,Weekday
794,3/2/2021,2,10,3,Mar,1,2021,2,Monday,Weekday
795,8/1/2015,1,31,8,Aug,3,2015,6,Friday,Weekday
796,4/5/2016,5,15,4,Apr,2,2016,2,Monday,Weekday
797,6/27/2022,27,27,6,Jun,2,2022,1,Sunday,Weekend
798,5/26/2017,26,21,5,May,2,2017,5,Thursday,Weekday
799,3/16/2017,16,11,3,Mar,1,2017,4,Wednesday,Weekday
800,3/2/2023,2,9,3,Mar,1,2023,4,Wednesday,Weekday
801,7/16/2017,16,29,7,Jul,3,2017,7,Saturday,Weekend
802,6/2/2016,2,23,6,Jun,2,2016,4,Wednesday,Weekday
803,4/13/2020,13,16,4,Apr,2,2020,1,Sunday,Weekend
804,9/25/2013,25,39,9,Sep,3,2013,3,Tuesday,Weekday
805,1/18/2015,18,4,1,Jan,1,2015,7,Saturday,Weekend
806,5/16/2022,16,21,5,May,2,2022,1,Sunday,Weekend
807,3/14/2019,14,11,3,Mar,1,2019,4,Wednesday,Weekday
808,12/4/2019,4,49,12,Dec,4,2019,3,Tuesday,Weekday
809,10/19/2021,19,43,10,Oct,4,2021,2,Monday,Weekday
810,8/3/2016,3,32,8,Aug,3,2016,3,Tuesday,Weekday
811,8/7/2022,7,33,8,Aug,3,2022,7,Saturday,Weekend
812,4/24/2018,24,17,4,Apr,2,2018,2,Monday,Weekday
813,8/31/2014,31,36,8,Aug,3,2014,7,Saturday,Weekend
814,12/24/2013,24,52,12,Dec,4,2013,2,Monday,Weekday
815,3/3/2021,3,10,3,Mar,1,2021,3,Tuesday,Weekday
816,5/7/2018,7,19,5,May,2,2018,1,Sunday,Weekend
817,5/25/2016,25,22,5,May,2,2016,3,Tuesday,Weekday
818,6/8/2016,8,24,6,Jun,2,2016,3,Tuesday,Weekday
819,3/26/2015,26,13,3,Mar,1,2015,4,Wednesday,Weekday
820,3/1/2021,1,10,3,Mar,1,2021,1,Sunday,Weekend
821,4/30/2016,30,18,4,Apr,2,2016,6,Friday,Weekday
822,10/29/2018,29,44,10,Oct,4,2018,1,Sunday,Weekend
823,4/2/2015,2,14,4,Apr,2,2015,4,Wednesday,Weekday
824,3/13/2016,13,12,3,Mar,1,2016,7,Saturday,Weekend
825,1/17/2021,17,4,1,Jan,1,2021,7,Saturday,Weekend
826,6/7/2023,7,23,6,Jun,2,2023,3,Tuesday,Weekday
827,3/22/2019,22,12,3,Mar,1,2019,5,Thursday,Weekday
828,7/19/2018,19,29,7,Jul,3,2018,4,Wednesday,Weekday
829,1/11/2019,11,2,1,Jan,1,2019,5,Thursday,Weekday
830,7/19/2016,19,30,7,Jul,3,2016,2,Monday,Weekday
831,5/14/2015,14,20,5,May,2,2015,4,Wednesday,Weekday
832,12/1/2016,1,49,12,Dec,4,2016,4,Wednesday,Weekday
833,11/28/2017,28,48,11,Nov,4,2017,2,Monday,Weekday
834,7/24/2015,24,30,7,Jul,3,2015,5,Thursday,Weekday
835,4/27/2019,27,17,4,Apr,2,2019,6,Friday,Weekday
836,11/21/2022,21,48,11,Nov,4,2022,1,Sunday,Weekend
837,7/7/2015,7,28,7,Jul,3,2015,2,Monday,Weekday
838,6/10/2020,10,24,6,Jun,2,2020,3,Tuesday,Weekday
839,8/28/2013,28,35,8,Aug,3,2013,3,Tuesday,Weekday
840,11/10/2018,10,45,11,Nov,4,2018,6,Friday,Weekday
841,2/1/2016,1,6,2,Feb,1,2016,1,Sunday,Weekend
842,6/13/2018,13,24,6,Jun,2,2018,3,Tuesday,Weekday
843,5/1/2014,1,18,5,May,2,2014,4,Wednesday,Weekday
844,12/20/2014,20,51,12,Dec,4,2014,6,Friday,Weekday
845,4/4/2021,4,15,4,Apr,2,2021,7,Saturday,Weekend
846,12/12/2018,12,50,12,Dec,4,2018,3,Tuesday,Weekday
847,9/18/2018,18,38,9,Sep,3,2018,2,Monday,Weekday
848,7/6/2022,6,28,7,Jul,3,2022,3,Tuesday,Weekday
849,9/18/2018,18,38,9,Sep,3,2018,2,Monday,Weekday
850,9/14/2021,14,38,9,Sep,3,2021,2,Monday,Weekday
851,3/8/2017,8,10,3,Mar,1,2017,3,Tuesday,Weekday
852,3/20/2020,20,12,3,Mar,1,2020,5,Thursday,Weekday
853,7/6/2020,6,28,7,Jul,3,2020,1,Sunday,Weekend
854,4/21/2020,21,17,4,Apr,2,2020,2,Monday,Weekday
855,1/11/2019,11,2,1,Jan,1,2019,5,Thursday,Weekday
856,6/20/2021,20,26,6,Jun,2,2021,7,Saturday,Weekend
857,5/22/2017,22,21,5,May,2,2017,1,Sunday,Weekend
858,3/13/2015,13,11,3,Mar,1,2015,5,Thursday,Weekday
859,2/23/2016,23,9,2,Feb,1,2016,2,Monday,Weekday
860,5/21/2021,21,21,5,May,2,2021,5,Thursday,Weekday
861,5/14/2014,14,20,5,May,2,2014,3,Tuesday,Weekday
862,6/17/2017,17,24,6,Jun,2,2017,6,Friday,Weekday
863,12/17/2015,17,51,12,Dec,4,2015,4,Wednesday,Weekday
864,8/13/2015,13,33,8,Aug,3,2015,4,Wednesday,Weekday
865,4/18/2014,18,16,4,Apr,2,2014,5,Thursday,Weekday
866,8/1/2019,1,31,8,Aug,3,2019,4,Wednesday,Weekday
867,1/1/2022,1,1,1,Jan,1,2022,6,Friday,Weekday
868,5/26/2021,26,22,5,May,2,2021,3,Tuesday,Weekday
869,1/13/2021,13,3,1,Jan,1,2021,3,Tuesday,Weekday
870,10/27/2015,27,44,10,Oct,4,2015,2,Monday,Weekday
871,5/13/2019,13,20,5,May,2,2019,1,Sunday,Weekend
872,5/18/2023,18,20,5,May,2,2023,4,Wednesday,Weekday
873,2/28/2018,28,9,2,Feb,1,2018,3,Tuesday,Weekday
874,4/5/2017,5,14,4,Apr,2,2017,3,Tuesday,Weekday
875,12/28/2013,28,52,12,Dec,4,2013,6,Friday,Weekday
876,9/6/2022,6,37,9,Sep,3,2022,2,Monday,Weekday
877,12/22/2013,22,52,12,Dec,4,2013,7,Saturday,Weekend
878,7/10/2015,10,28,7,Jul,3,2015,5,Thursday,Weekday
879,11/30/2015,30,49,11,Nov,4,2015,1,Sunday,Weekend
880,3/25/2020,25,13,3,Mar,1,2020,3,Tuesday,Weekday
881,10/30/2020,30,44,10,Oct,4,2020,5,Thursday,Weekday
882,2/3/2020,3,6,2,Feb,1,2020,1,Sunday,Weekend
883,8/30/2017,30,35,8,Aug,3,2017,3,Tuesday,Weekday
884,8/4/2017,4,31,8,Aug,3,2017,5,Thursday,Weekday
885,4/3/2022,3,15,4,Apr,2,2022,7,Saturday,Weekend
886,9/27/2020,27,40,9,Sep,3,2020,7,Saturday,Weekend
887,12/11/2022,11,51,12,Dec,4,2022,7,Saturday,Weekend
888,2/23/2016,23,9,2,Feb,1,2016,2,Monday,Weekday
889,1/19/2019,19,3,1,Jan,1,2019,6,Friday,Weekday
890,4/2/2023,2,14,4,Apr,2,2023,7,Saturday,Weekend
891,3/17/2023,17,11,3,Mar,1,2023,5,Thursday,Weekday
892,7/6/2017,6,27,7,Jul,3,2017,4,Wednesday,Weekday
893,2/21/2022,21,9,2,Feb,1,2022,1,Sunday,Weekend
894,6/25/2019,25,26,6,Jun,2,2019,2,Monday,Weekday
895,2/3/2023,3,5,2,Feb,1,2023,5,Thursday,Weekday
896,3/21/2015,21,12,3,Mar,1,2015,6,Friday,Weekday
897,7/7/2023,7,27,7,Jul,3,2023,5,Thursday,Weekday
898,11/14/2017,14,46,11,Nov,4,2017,2,Monday,Weekday
899,6/25/2021,25,26,6,Jun,2,2021,5,Thursday,Weekday
900,10/16/2020,16,42,10,Oct,4,2020,5,Thursday,Weekday
901,9/20/2017,20,38,9,Sep,3,2017,3,Tuesday,Weekday
902,3/15/2015,15,12,3,Mar,1,2015,7,Saturday,Weekend
903,2/21/2019,21,8,2,Feb,1,2019,4,Wednesday,Weekday
904,12/19/2014,19,51,12,Dec,4,2014,5,Thursday,Weekday
905,11/13/2017,13,46,11,Nov,4,2017,1,Sunday,Weekend
906,4/13/2022,13,16,4,Apr,2,2022,3,Tuesday,Weekday
907,11/26/2017,26,48,11,Nov,4,2017,7,Saturday,Weekend
908,3/29/2017,29,13,3,Mar,1,2017,3,Tuesday,Weekday
909,6/13/2017,13,24,6,Jun,2,2017,2,Monday,Weekday
910,8/4/2018,4,31,8,Aug,3,2018,6,Friday,Weekday
911,10/27/2019,27,44,10,Oct,4,2019,7,Saturday,Weekend
912,11/23/2022,23,48,11,Nov,4,2022,3,Tuesday,Weekday
913,8/29/2020,29,35,8,Aug,3,2020,6,Friday,Weekday
914,3/14/2014,14,11,3,Mar,1,2014,5,Thursday,Weekday
915,8/4/2022,4,32,8,Aug,3,2022,4,Wednesday,Weekday
916,7/11/2017,11,28,7,Jul,3,2017,2,Monday,Weekday
917,3/7/2019,7,10,3,Mar,1,2019,4,Wednesday,Weekday
918,10/27/2022,27,44,10,Oct,4,2022,4,Wednesday,Weekday
919,10/5/2016,5,41,10,Oct,4,2016,3,Tuesday,Weekday
920,10/31/2015,31,44,10,Oct,4,2015,6,Friday,Weekday
921,9/22/2022,22,39,9,Sep,3,2022,4,Wednesday,Weekday
922,9/8/2013,8,37,9,Sep,3,2013,7,Saturday,Weekend
923,4/23/2019,23,17,4,Apr,2,2019,2,Monday,Weekday
924,8/31/2015,31,36,8,Aug,3,2015,1,Sunday,Weekend
925,8/7/2021,7,32,8,Aug,3,2021,6,Friday,Weekday
926,5/23/2020,23,21,5,May,2,2020,6,Friday,Weekday
927,6/21/2015,21,26,6,Jun,2,2015,7,Saturday,Weekend
928,7/24/2023,24,30,7,Jul,3,2023,1,Sunday,Weekend
929,6/30/2021,30,27,6,Jun,2,2021,3,Tuesday,Weekday
930,4/14/2019,14,16,4,Apr,2,2019,7,Saturday,Weekend
931,3/28/2018,28,13,3,Mar,1,2018,3,Tuesday,Weekday
932,5/24/2021,24,22,5,May,2,2021,1,Sunday,Weekend
933,9/30/2020,30,40,9,Sep,3,2020,3,Tuesday,Weekday
934,7/14/2019,14,29,7,Jul,3,2019,7,Saturday,Weekend
935,5/5/2021,5,19,5,May,2,2021,3,Tuesday,Weekday
936,6/11/2018,11,24,6,Jun,2,2018,1,Sunday,Weekend
937,5/19/2018,19,20,5,May,2,2018,6,Friday,Weekday
938,9/21/2020,21,39,9,Sep,3,2020,1,Sunday,Weekend
939,5/8/2019,8,19,5,May,2,2019,3,Tuesday,Weekday
940,4/22/2023,22,16,4,Apr,2,2023,6,Friday,Weekday
941,8/6/2022,6,32,8,Aug,3,2022,6,Friday,Weekday
942,1/24/2017,24,4,1,Jan,1,2017,2,Monday,Weekday
943,1/17/2020,17,3,1,Jan,1,2020,5,Thursday,Weekday
944,1/12/2017,12,2,1,Jan,1,2017,4,Wednesday,Weekday
945,1/8/2019,8,2,1,Jan,1,2019,2,Monday,Weekday
946,11/20/2014,20,47,11,Nov,4,2014,4,Wednesday,Weekday
947,9/7/2020,7,37,9,Sep,3,2020,1,Sunday,Weekend
948,12/20/2014,20,51,12,Dec,4,2014,6,Friday,Weekday
949,10/27/2019,27,44,10,Oct,4,2019,7,Saturday,Weekend
950,1/4/2018,4,1,1,Jan,1,2018,4,Wednesday,Weekday
951,10/20/2013,20,43,10,Oct,4,2013,7,Saturday,Weekend
952,6/27/2014,27,26,6,Jun,2,2014,5,Thursday,Weekday
953,1/27/2015,27,5,1,Jan,1,2015,2,Monday,Weekday
954,12/26/2014,26,52,12,Dec,4,2014,5,Thursday,Weekday
955,6/4/2014,4,23,6,Jun,2,2014,3,Tuesday,Weekday
956,6/12/2019,12,24,6,Jun,2,2019,3,Tuesday,Weekday
957,10/18/2021,18,43,10,Oct,4,2021,1,Sunday,Weekend
958,8/16/2016,16,34,8,Aug,3,2016,2,Monday,Weekday
959,9/26/2016,26,40,9,Sep,3,2016,1,Sunday,Weekend
960,5/15/2023,15,20,5,May,2,2023,1,Sunday,Weekend
961,12/28/2019,28,52,12,Dec,4,2019,6,Friday,Weekday
962,9/6/2021,6,37,9,Sep,3,2021,1,Sunday,Weekend
963,5/9/2018,9,19,5,May,2,2018,3,Tuesday,Weekday
964,11/15/2021,15,47,11,Nov,4,2021,1,Sunday,Weekend
965,12/13/2021,13,51,12,Dec,4,2021,1,Sunday,Weekend
966,4/18/2018,18,16,4,Apr,2,2018,3,Tuesday,Weekday
967,9/19/2021,19,39,9,Sep,3,2021,7,Saturday,Weekend
968,11/2/2015,2,45,11,Nov,4,2015,1,Sunday,Weekend
969,1/10/2016,10,3,1,Jan,1,2016,7,Saturday,Weekend
970,1/12/2020,12,3,1,Jan,1,2020,7,Saturday,Weekend
971,4/22/2018,22,17,4,Apr,2,2018,7,Saturday,Weekend
972,1/29/2017,29,5,1,Jan,1,2017,7,Saturday,Weekend
973,6/21/2020,21,26,6,Jun,2,2020,7,Saturday,Weekend
974,6/10/2017,10,23,6,Jun,2,2017,6,Friday,Weekday
975,3/24/2019,24,13,3,Mar,1,2019,7,Saturday,Weekend
976,10/25/2013,25,43,10,Oct,4,2013,5,Thursday,Weekday
977,10/10/2015,10,41,10,Oct,4,2015,6,Friday,Weekday
978,7/26/2014,26,30,7,Jul,3,2014,6,Friday,Weekday
979,3/22/2023,22,12,3,Mar,1,2023,3,Tuesday,Weekday
980,11/7/2022,7,46,11,Nov,4,2022,1,Sunday,Weekend
981,5/5/2017,5,18,5,May,2,2017,5,Thursday,Weekday
982,9/1/2014,1,36,9,Sep,3,2014,1,Sunday,Weekend
983,3/14/2016,14,12,3,Mar,1,2016,1,Sunday,Weekend
984,6/26/2020,26,26,6,Jun,2,2020,5,Thursday,Weekday
985,2/26/2018,26,9,2,Feb,1,2018,1,Sunday,Weekend
986,2/25/2020,25,9,2,Feb,1,2020,2,Monday,Weekday
987,7/10/2021,10,28,7,Jul,3,2021,6,Friday,Weekday
988,4/11/2020,11,15,4,Apr,2,2020,6,Friday,Weekday
989,5/8/2017,8,19,5,May,2,2017,1,Sunday,Weekend
990,12/20/2013,20,51,12,Dec,4,2013,5,Thursday,Weekday
991,1/21/2018,21,4,1,Jan,1,2018,7,Saturday,Weekend
992,4/23/2019,23,17,4,Apr,2,2019,2,Monday,Weekday
993,3/29/2017,29,13,3,Mar,1,2017,3,Tuesday,Weekday
994,8/3/2017,3,31,8,Aug,3,2017,4,Wednesday,Weekday
995,7/8/2023,8,27,7,Jul,3,2023,6,Friday,Weekday
996,4/16/2015,16,16,4,Apr,2,2015,4,Wednesday,Weekday
997,2/18/2023,18,7,2,Feb,1,2023,6,Friday,Weekday
998,3/25/2015,25,13,3,Mar,1,2015,3,Tuesday,Weekday
999,12/26/2019,26,52,12,Dec,4,2019,4,Wednesday,Weekday
1000,3/9/2015,9,11,3,Mar,1,2015,1,Sunday,Weekend
