id,full_name,phone,email,gender,city,state,country
1,Justinian,Bignall,jbignall0@nyu.edu,Male,Rockville,MD,US
2,Gabriello,Keefe,gkeefe1@list-manage.com,Polygender,Mesa,AZ,US
3,Rurik,Padden,rpadden2@ft.com,Male,Brooklyn,NY,US
4,Aloysia,Grzelczak,agrzelczak3@bravesites.com,Female,Lehigh Acres,FL,US
5,Tanhya,Tremblet,ttremblet4@so-net.ne.jp,Female,Akron,OH,US
6,Anselma,Regenhardt,aregenhardt5@aboutads.info,Female,Jackson,MS,US
7,Dina,Sproule,dsproule6@telegraph.co.uk,Female,Bronx,NY,US
8,Margaretha,Livingstone,mlivingstone7@wiley.com,Female,Memphis,TN,US
9,Cristabel,Ondrus,condrus8@home.pl,Genderqueer,Lancaster,PA,US
10,Darla,Minto,dminto9@sogou.com,Female,New Haven,CT,US
11,Lauree,Ferraro,lferraroa@cocolog-nifty.com,Female,Van Nuys,CA,US
12,Correna,McDirmid,cmcdirmidb@issuu.com,Female,Philadelphia,PA,US
13,Orv,Attenburrow,oattenburrowc@reverbnation.com,Male,Lubbock,TX,US
14,Prudi,Skirvane,pskirvaned@redcross.org,Genderqueer,Greensboro,NC,US
15,Esmeralda,Paulazzi,epaulazzie@nydailynews.com,Female,Santa Monica,CA,US
16,Ophelia,Brunelli,obrunellif@wired.com,Female,Vancouver,WA,US
17,Kellina,Cranstone,kcranstoneg@eepurl.com,Female,Stockton,CA,US
18,Gertrud,Whiskin,gwhiskinh@amazon.de,Female,Columbus,OH,US
19,Dayna,Courvert,dcourverti@drupal.org,Female,Gary,IN,US
20,Jammal,Tookey,jtookeyj@ameblo.jp,Male,Anaheim,CA,US
21,Bartholomeus,Kermott,bkermottk@baidu.com,Male,New Orleans,LA,US
22,Joey,Camerana,jcameranal@list-manage.com,Male,Naples,FL,US
23,Vernon,Lyons,vlyonsm@jigsy.com,Male,New York City,NY,US
24,Orelee,Rubberts,orubbertsn@dyndns.org,Female,Las Vegas,NV,US
25,Karleen,Aisman,kaismano@jiathis.com,Female,Naples,FL,US
26,Vern,Wagstaff,vwagstaffp@chronoengine.com,Male,Little Rock,AR,US
27,Sandro,Martynov,smartynovq@nhs.uk,Male,Cincinnati,OH,US
28,Raimondo,Izard,rizardr@xing.com,Male,Dayton,OH,US
29,Mortimer,Dukes,mdukess@shop-pro.jp,Male,Providence,RI,US
30,Jaquith,Anthoine,janthoinet@mlb.com,Female,Lancaster,PA,US
31,Sherlock,Tidbold,stidboldu@naver.com,Male,Minneapolis,MN,US
32,Jacob,Wingeat,jwingeatv@rambler.ru,Male,Spokane,WA,US
33,Rosella,Gooly,rgoolyw@salon.com,Female,Charlotte,NC,US
34,Tiphany,Finnie,tfinniex@behance.net,Female,Lubbock,TX,US
35,Harmonie,Edwardes,hedwardesy@facebook.com,Female,Pittsburgh,PA,US
36,Jordon,Haselwood,jhaselwoodz@twitter.com,Male,Anaheim,CA,US
37,Fonzie,Windous,fwindous10@ebay.co.uk,Male,Saint Paul,MN,US
38,Muhammad,Archibold,marchibold11@hugedomains.com,Male,Salt Lake City,UT,US
39,Rana,Covill,rcovill12@army.mil,Female,Pasadena,CA,US
40,Dieter,Josephs,djosephs13@merriam-webster.com,Male,Lubbock,TX,US
41,Lotty,Sugar,lsugar14@yandex.ru,Female,Birmingham,AL,US
42,Rice,Shipsey,rshipsey15@marketwatch.com,Male,San Diego,CA,US
43,Gerek,Tregear,gtregear16@csmonitor.com,Male,San Antonio,TX,US
44,Jacinthe,Canning,jcanning17@house.gov,Female,Phoenix,AZ,US
45,Dominique,Hirsthouse,dhirsthouse18@vistaprint.com,Female,Flint,MI,US
46,Barron,Durrell,bdurrell19@cdc.gov,Male,Washington,DC,US
47,Jayson,Merck,jmerck1a@trellian.com,Male,Long Beach,CA,US
48,Wesley,Le Count,wlecount1b@devhub.com,Male,Alpharetta,GA,US
49,Angela,Coppin,acoppin1c@vkontakte.ru,Female,Augusta,GA,US
50,Rusty,Nevins,rnevins1d@economist.com,Male,Peoria,IL,US
51,Henrieta,Radbone,hradbone1e@nba.com,Female,Savannah,GA,US
52,Millicent,O'Doherty,modoherty1f@addtoany.com,Female,Toledo,OH,US
53,Esteban,Memory,ememory1g@epa.gov,Male,Corona,CA,US
54,Brook,Thiem,bthiem1h@oaic.gov.au,Genderqueer,Davenport,IA,US
55,Marcelo,Sanders,msanders1i@shareasale.com,Male,Wilmington,DE,US
56,Thatcher,Texton,ttexton1j@hatena.ne.jp,Male,Youngstown,OH,US
57,Cyndie,Meugens,cmeugens1k@washington.edu,Female,Chicago,IL,US
58,Niccolo,Camings,ncamings1l@moonfruit.com,Male,San Bernardino,CA,US
59,Thacher,Spridgen,tspridgen1m@sina.com.cn,Male,Cincinnati,OH,US
60,Karyn,Rakes,krakes1n@who.int,Female,Winston Salem,NC,US
61,Christian,Kellaway,ckellaway1o@wp.com,Polygender,Omaha,NE,US
62,Diego,Ambrogelli,dambrogelli1p@illinois.edu,Male,Boulder,CO,US
63,Ingaborg,Hegarty,ihegarty1q@unc.edu,Female,Tucson,AZ,US
64,Peterus,Roberson,proberson1r@arstechnica.com,Male,Syracuse,NY,US
65,Lothaire,McGonigle,lmcgonigle1s@geocities.com,Polygender,Bakersfield,CA,US
66,Gonzalo,De Castri,gdecastri1t@soup.io,Male,Spring Hill,FL,US
67,Westleigh,Ravens,wravens1u@answers.com,Male,Detroit,MI,US
68,Antonino,MacDermot,amacdermot1v@de.vu,Male,Kansas City,MO,US
69,Cornelle,Torrent,ctorrent1w@fda.gov,Female,Winston Salem,NC,US
70,Foster,Marsland,fmarsland1x@usda.gov,Male,Washington,DC,US
71,Hillard,Ivanyushin,hivanyushin1y@google.cn,Male,Whittier,CA,US
72,Halley,Doble,hdoble1z@elegantthemes.com,Agender,Kansas City,KS,US
73,Shurlocke,Chazelas,schazelas20@csmonitor.com,Bigender,Honolulu,HI,US
74,Kale,Medina,kmedina21@netscape.com,Male,El Paso,TX,US
75,Sandor,Kerrey,skerrey22@hp.com,Male,San Antonio,TX,US
76,Chaddie,Wildey,cwildey23@amazonaws.com,Male,Montgomery,AL,US
77,Desirae,Allison,dallison24@ning.com,Female,New Haven,CT,US
78,Katharina,Girhard,kgirhard25@sciencedaily.com,Female,Dayton,OH,US
79,Sammy,Brandone,sbrandone26@go.com,Male,South Bend,IN,US
80,Sarena,Juara,sjuara27@baidu.com,Female,New York City,NY,US
81,Ed,O'Kane,eokane28@ucoz.ru,Male,Portland,OR,US
82,Horatia,Maycey,hmaycey29@mozilla.org,Agender,Dayton,OH,US
83,Davita,Klebes,dklebes2a@free.fr,Female,Boynton Beach,FL,US
84,Tammy,Kimbly,tkimbly2b@reuters.com,Female,Rochester,NY,US
85,Urbano,Boon,uboon2c@hp.com,Male,Dayton,OH,US
86,Orville,Bleakman,obleakman2d@amazonaws.com,Male,Grand Rapids,MI,US
87,Vinita,Fortman,vfortman2e@webmd.com,Female,Minneapolis,MN,US
88,Annette,Levey,alevey2f@google.co.jp,Female,Arlington,TX,US
89,Loralee,De Wolfe,ldewolfe2g@ed.gov,Female,Indianapolis,IN,US
90,Huntington,MacIlhargy,hmacilhargy2h@printfriendly.com,Male,Knoxville,TN,US
91,Mil,D'Ambrogi,mdambrogi2i@tripadvisor.com,Female,Austin,TX,US
92,Christian,Weatherell,cweatherell2j@apache.org,Female,Oxnard,CA,US
93,Nina,Swinney,nswinney2k@ovh.net,Female,Flint,MI,US
94,Giraldo,Worlock,gworlock2l@constantcontact.com,Male,Abilene,TX,US
95,Danica,Morphew,dmorphew2m@123-reg.co.uk,Female,Grand Rapids,MI,US
96,Merill,Pavelin,mpavelin2n@wired.com,Male,San Francisco,CA,US
97,Gal,Edmons,gedmons2o@parallels.com,Male,Texarkana,TX,US
98,Jimmie,Schole,jschole2p@army.mil,Male,Austin,TX,US
99,Hildagard,Dumphy,hdumphy2q@smugmug.com,Female,Columbus,OH,US
100,Valeria,Birrell,vbirrell2r@quantcast.com,Female,Fort Wayne,IN,US
101,Asa,Wedlock,awedlock2s@reddit.com,Male,Amarillo,TX,US
102,Lynde,Traviss,ltraviss2t@freewebs.com,Female,Richmond,VA,US
103,Skipton,Birrel,sbirrel2u@g.co,Male,Roanoke,VA,US
104,Florina,Brazur,fbrazur2v@kickstarter.com,Female,Boulder,CO,US
105,Anissa,Wilcot,awilcot2w@si.edu,Female,Pittsburgh,PA,US
106,Chanda,Wycliff,cwycliff2x@diigo.com,Female,Austin,TX,US
107,Jeremiah,Mioni,jmioni2y@wsj.com,Male,Waterloo,IA,US
108,Greggory,Durdy,gdurdy2z@opensource.org,Male,Jefferson City,MO,US
109,Chryste,Dennant,cdennant30@cdbaby.com,Female,Dayton,OH,US
110,Tori,Frackiewicz,tfrackiewicz31@meetup.com,Agender,Billings,MT,US
111,Sergent,McCosker,smccosker32@si.edu,Male,Charleston,SC,US
112,Miof mela,Reggiani,mreggiani33@si.edu,Female,Tulsa,OK,US
113,Matthew,Fairtlough,mfairtlough34@google.fr,Male,Plano,TX,US
114,Roselle,Wroe,rwroe35@geocities.jp,Female,Washington,DC,US
115,Sharai,Challice,schallice36@google.ca,Female,Little Rock,AR,US
116,Shanan,Drabble,sdrabble37@odnoklassniki.ru,Male,Milwaukee,WI,US
117,Peggie,Dowker,pdowker38@huffingtonpost.com,Genderqueer,Toledo,OH,US
118,Roldan,Margetson,rmargetson39@oaic.gov.au,Male,Danbury,CT,US
119,Heath,Ingles,hingles3a@twitpic.com,Male,Macon,GA,US
120,Manolo,Simioni,msimioni3b@harvard.edu,Male,Lynchburg,VA,US
121,Barry,Ysson,bysson3c@163.com,Male,Des Moines,IA,US
122,Corney,Loalday,cloalday3d@w3.org,Male,Akron,OH,US
123,Tedman,Marden,tmarden3e@elpais.com,Male,New Hyde Park,NY,US
124,Dennet,Rounsefull,drounsefull3f@naver.com,Male,Denver,CO,US
125,Derron,Shine,dshine3g@weebly.com,Male,Maple Plain,MN,US
126,Aloisia,Brigdale,abrigdale3h@rambler.ru,Female,Louisville,KY,US
127,Rufe,Hundell,rhundell3i@ning.com,Male,Saint Louis,MO,US
128,Friederike,Plaunch,fplaunch3j@jimdo.com,Female,Youngstown,OH,US
129,Huntley,Fallawe,hfallawe3k@alexa.com,Male,Orange,CA,US
130,Godfry,McKeighan,gmckeighan3l@1688.com,Male,New Haven,CT,US
131,Lane,Rapp,lrapp3m@kickstarter.com,Female,San Diego,CA,US
132,Kirsten,Docksey,kdocksey3n@discovery.com,Female,Lexington,KY,US
133,Moses,Brouncker,mbrouncker3o@elegantthemes.com,Male,Oklahoma City,OK,US
134,Anthony,Duffy,aduffy3p@technorati.com,Male,Louisville,KY,US
135,Elena,Nelligan,enelligan3q@liveinternet.ru,Female,San Angelo,TX,US
136,Obidiah,Frascone,ofrascone3r@ustream.tv,Male,Tampa,FL,US
137,Zane,Bowry,zbowry3s@cpanel.net,Male,Newport News,VA,US
138,Grissel,Kissick,gkissick3t@washingtonpost.com,Female,El Paso,TX,US
139,Rancell,Huttley,rhuttley3u@domainmarket.com,Male,Green Bay,WI,US
140,Fanya,Wright,fwright3v@ycombinator.com,Female,Akron,OH,US
141,Lynnea,Gotts,lgotts3w@1und1.de,Female,New York City,NY,US
142,Reine,Forde,rforde3x@yahoo.co.jp,Female,Lehigh Acres,FL,US
143,Gaynor,Fewster,gfewster3y@nih.gov,Female,San Francisco,CA,US
144,Rikki,Pecey,rpecey3z@squarespace.com,Male,Jamaica,NY,US
145,Philippa,Keelin,pkeelin40@vkontakte.ru,Polygender,Washington,DC,US
146,Sapphira,Geldart,sgeldart41@phoca.cz,Female,Sioux Falls,SD,US
147,Tonye,Leist,tleist42@arstechnica.com,Female,Springfield,MA,US
148,Lewes,Tonbridge,ltonbridge43@livejournal.com,Male,Monroe,LA,US
149,Orion,Conn,oconn44@webeden.co.uk,Male,Columbus,OH,US
150,Larisa,Hatcliffe,lhatcliffe45@51.la,Female,Springfield,IL,US
151,Ammamaria,Watson,awatson46@amazon.co.uk,Female,Midland,MI,US
152,Leone,Kyd,lkyd47@skype.com,Female,Waco,TX,US
153,Glyn,McLeman,gmcleman48@accuweather.com,Male,Louisville,KY,US
154,Newton,Driver,ndriver49@sciencedirect.com,Male,Roanoke,VA,US
155,Florian,Clubb,fclubb4a@arizona.edu,Male,Greensboro,NC,US
156,Issie,Beeden,ibeeden4b@ibm.com,Female,Boulder,CO,US
157,Winston,Caghan,wcaghan4c@cyberchimps.com,Male,Miami,FL,US
158,Walliw,Verrico,wverrico4d@nps.gov,Female,Bethesda,MD,US
159,Berna,Schach,bschach4e@weebly.com,Female,Tyler,TX,US
160,Jillene,Forbes,jforbes4f@lulu.com,Female,Montgomery,AL,US
161,Tirrell,Pinchbeck,tpinchbeck4g@nifty.com,Male,Kansas City,MO,US
162,Antons,Wolton,awolton4h@wisc.edu,Bigender,El Paso,TX,US
163,Tomasina,Granham,tgranham4i@sun.com,Female,San Antonio,TX,US
164,Johnath,Andree,jandree4j@pcworld.com,Female,Beaumont,TX,US
165,Sarene,Feighry,sfeighry4k@blog.com,Female,Washington,DC,US
166,Flemming,Giacopini,fgiacopini4l@devhub.com,Male,Naples,FL,US
167,Peirce,Brash,pbrash4m@geocities.jp,Male,Atlanta,GA,US
168,Quentin,Arpur,qarpur4n@ox.ac.uk,Male,Lexington,KY,US
169,Mendel,Gittoes,mgittoes4o@youku.com,Male,Topeka,KS,US
170,Jordan,Hayland,jhayland4p@histats.com,Male,San Diego,CA,US
171,Clari,Rissen,crissen4q@netlog.com,Female,Irvine,CA,US
172,Jo,Quemby,jquemby4r@omniture.com,Female,Lincoln,NE,US
173,Katee,Mouser,kmouser4s@microsoft.com,Female,Morgantown,WV,US
174,Izzy,Smithson,ismithson4t@blogs.com,Male,Carol Stream,IL,US
175,Dyann,Squires,dsquires4u@biglobe.ne.jp,Female,Pensacola,FL,US
176,Linn,Kirby,lkirby4v@ft.com,Female,Charlotte,NC,US
177,Bendick,Yaldren,byaldren4w@woothemes.com,Polygender,Mount Vernon,NY,US
178,Jarrad,Jollands,jjollands4x@google.es,Male,Fresno,CA,US
179,Noni,Goggey,ngoggey4y@yolasite.com,Female,Newport Beach,CA,US
180,Chevalier,Soal,csoal4z@dedecms.com,Male,Providence,RI,US
181,Binnie,Heckney,bheckney50@sciencedirect.com,Female,Lincoln,NE,US
182,Jennifer,Roycroft,jroycroft51@uol.com.br,Female,Naples,FL,US
183,Jae,Vinden,jvinden52@diigo.com,Male,Nashville,TN,US
184,Philipa,Surplice,psurplice53@wunderground.com,Female,Indianapolis,IN,US
185,Jaimie,Pointing,jpointing54@wix.com,Male,Nashville,TN,US
186,Gram,Frith,gfrith55@cdc.gov,Male,Palatine,IL,US
187,Oliver,Mallender,omallender56@cocolog-nifty.com,Male,Phoenix,AZ,US
188,Carroll,Coslett,ccoslett57@artisteer.com,Female,Dallas,TX,US
189,Orsa,Harcombe,oharcombe58@reuters.com,Female,Louisville,KY,US
190,Donelle,Bartens,dbartens59@domainmarket.com,Polygender,Naples,FL,US
191,Lucio,Lissandrini,llissandrini5a@feedburner.com,Male,El Paso,TX,US
192,Gabi,Leband,gleband5b@facebook.com,Male,Los Angeles,CA,US
193,Garner,Bradbrook,gbradbrook5c@sphinn.com,Male,Washington,DC,US
194,Cherry,Hudel,chudel5d@bizjournals.com,Female,Los Angeles,CA,US
195,Patience,Norwood,pnorwood5e@disqus.com,Female,Tyler,TX,US
196,Leupold,Sones,lsones5f@hhs.gov,Male,Houston,TX,US
197,Pattie,Umney,pumney5g@virginia.edu,Male,Los Angeles,CA,US
198,Vlad,Snoxell,vsnoxell5h@constantcontact.com,Genderqueer,Columbia,SC,US
199,Nelli,Cubbino,ncubbino5i@biblegateway.com,Female,Athens,GA,US
200,Emma,Caff,ecaff5j@guardian.co.uk,Female,Santa Monica,CA,US
201,Tomkin,Leifer,tleifer5k@liveinternet.ru,Male,San Francisco,CA,US
202,Ellary,Mackieson,emackieson5l@cafepress.com,Male,Kansas City,MO,US
203,Olivero,Lisciardelli,olisciardelli5m@theguardian.com,Male,Spokane,WA,US
204,Cathyleen,Sarchwell,csarchwell5n@is.gd,Female,Milwaukee,WI,US
205,Berny,McLewd,bmclewd5o@odnoklassniki.ru,Male,Chicago,IL,US
206,Traver,Smeuin,tsmeuin5p@microsoft.com,Male,Washington,DC,US
207,Kasey,Hayes,khayes5q@theguardian.com,Female,Cambridge,MA,US
208,Alicia,Stollman,astollman5r@mozilla.org,Female,Dayton,OH,US
209,Earlie,Hicks,ehicks5s@springer.com,Genderfluid,Abilene,TX,US
210,Clem,Lipman,clipman5t@bigcartel.com,Male,Shawnee Mission,KS,US
211,Ignace,Eadon,ieadon5u@nydailynews.com,Male,Chula Vista,CA,US
212,Shaun,Warcop,swarcop5v@usda.gov,Male,Reading,PA,US
213,Marquita,Blanche,mblanche5w@naver.com,Female,Lawrenceville,GA,US
214,Morris,O' Brian,mobrian5x@chicagotribune.com,Male,Woburn,MA,US
215,Abigale,Morsom,amorsom5y@sciencedaily.com,Female,Memphis,TN,US
216,Marcie,Croose,mcroose5z@blogtalkradio.com,Female,Canton,OH,US
217,Herrick,Doonican,hdoonican60@dailymail.co.uk,Male,Minneapolis,MN,US
218,Vanya,Grundon,vgrundon61@shinystat.com,Male,Monticello,MN,US
219,Barbara,Yakuntzov,byakuntzov62@t.co,Female,Arlington,TX,US
220,Clarice,Humbles,chumbles63@bloomberg.com,Female,Little Rock,AR,US
221,Simmonds,Deakin,sdeakin64@ibm.com,Male,Denton,TX,US
222,Austin,Davitti,adavitti65@tiny.cc,Male,Dayton,OH,US
223,Tanner,Adame,tadame66@networksolutions.com,Male,Houston,TX,US
224,Lucia,Houlison,lhoulison67@spiegel.de,Female,Atlanta,GA,US
225,Bertina,Dudley,bdudley68@e-recht24.de,Female,Arvada,CO,US
226,Barron,Muccino,bmuccino69@fastcompany.com,Genderfluid,Bakersfield,CA,US
227,Rudolf,Terrey,rterrey6a@sphinn.com,Male,Winston Salem,NC,US
228,Tait,Schusterl,tschusterl6b@umich.edu,Male,Akron,OH,US
229,Leanor,Bales,lbales6c@hc360.com,Female,Washington,DC,US
230,Bret,Kleinhandler,bkleinhandler6d@1und1.de,Male,Dallas,TX,US
231,Weider,Dunning,wdunning6e@washington.edu,Male,Phoenix,AZ,US
232,Bobbee,Forseith,bforseith6f@stumbleupon.com,Female,Monticello,MN,US
233,Aggy,Benkin,abenkin6g@cafepress.com,Female,Washington,DC,US
234,Eugenie,Childs,echilds6h@indiatimes.com,Female,Charlotte,NC,US
235,Marlane,Benninger,mbenninger6i@tinypic.com,Female,Cincinnati,OH,US
236,Justinn,Wilcock,jwilcock6j@theglobeandmail.com,Non-binary,Naples,FL,US
237,Scotti,Jeary,sjeary6k@bloglines.com,Male,Oakland,CA,US
238,Barry,Gaynsford,bgaynsford6l@delicious.com,Female,Greenville,SC,US
239,Katerine,Bonsall,kbonsall6m@tripadvisor.com,Female,Philadelphia,PA,US
240,Siana,O'Fergus,sofergus6n@home.pl,Female,Arlington,VA,US
241,Bessie,Gebb,bgebb6o@flickr.com,Female,Cincinnati,OH,US
242,Valentin,Laboune,vlaboune6p@psu.edu,Male,Newton,MA,US
243,Rosalinda,Moir,rmoir6q@whitehouse.gov,Female,Salt Lake City,UT,US
244,Fina,Krimmer,fkrimmer6r@diigo.com,Female,Las Vegas,NV,US
245,Stephen,Howlett,showlett6s@ox.ac.uk,Male,Bismarck,ND,US
246,Marylin,Chander,mchander6t@nasa.gov,Female,Springfield,IL,US
247,Redford,Pettican,rpettican6u@boston.com,Male,Dallas,TX,US
248,Katalin,Sang,ksang6v@google.nl,Female,Fort Myers,FL,US
249,Vinita,Gasperi,vgasperi6w@yellowbook.com,Female,Allentown,PA,US
250,Yance,Cahalan,ycahalan6x@census.gov,Male,Charleston,SC,US
251,Hayyim,Burless,hburless6y@hibu.com,Male,Austin,TX,US
252,Harland,Wadman,hwadman6z@washingtonpost.com,Male,Anaheim,CA,US
253,Mark,Petri,mpetri70@berkeley.edu,Male,Boca Raton,FL,US
254,Marmaduke,Bricket,mbricket71@oakley.com,Male,Saint Petersburg,FL,US
255,Jacintha,Hughs,jhughs72@aol.com,Female,Birmingham,AL,US
256,Katinka,Luckhurst,kluckhurst73@wsj.com,Bigender,New Orleans,LA,US
257,Stephanus,Nutley,snutley74@hugedomains.com,Male,Jacksonville,FL,US
258,Alejandra,Beddoe,abeddoe75@washington.edu,Female,Merrifield,VA,US
259,Layla,Pedroli,lpedroli76@ustream.tv,Female,Indianapolis,IN,US
260,Zed,Valerio,zvalerio77@columbia.edu,Male,Birmingham,AL,US
261,Blanch,Frogley,bfrogley78@hc360.com,Female,Augusta,GA,US
262,Chrisy,Hurkett,churkett79@sogou.com,Male,Tucson,AZ,US
263,Verile,Rivard,vrivard7a@virginia.edu,Female,Lake Charles,LA,US
264,Dian,Comsty,dcomsty7b@google.ca,Female,Columbus,GA,US
265,Nikolia,Blackaller,nblackaller7c@merriam-webster.com,Female,New York City,NY,US
266,Cullen,Kelk,ckelk7d@google.com.au,Male,Minneapolis,MN,US
267,Mommy,Matresse,mmatresse7e@myspace.com,Female,Charleston,WV,US
268,Adel,Monckton,amonckton7f@artisteer.com,Female,Milwaukee,WI,US
269,Madge,Matic,mmatic7g@amazon.co.uk,Female,New York City,NY,US
270,Shana,Mintoff,smintoff7h@hatena.ne.jp,Female,Arlington,TX,US
271,Clarance,Denney,cdenney7i@sakura.ne.jp,Male,Lake Charles,LA,US
272,Joana,Hiom,jhiom7j@umn.edu,Female,Berkeley,CA,US
273,Pyotr,Crowcum,pcrowcum7k@dion.ne.jp,Male,Birmingham,AL,US
274,Nathaniel,Butterick,nbutterick7l@webmd.com,Male,New Brunswick,NJ,US
275,Rycca,Clarkson,rclarkson7m@shareasale.com,Female,South Bend,IN,US
276,Shauna,Guerra,sguerra7n@ustream.tv,Female,Dayton,OH,US
277,Wendye,McCourt,wmccourt7o@edublogs.org,Female,Mobile,AL,US
278,Mannie,Van T'Hoog,mvanthoog7p@ucoz.ru,Male,Chattanooga,TN,US
279,Hermione,McCanny,hmccanny7q@berkeley.edu,Female,Washington,DC,US
280,Malinda,Southam,msoutham7r@mapquest.com,Female,Hamilton,OH,US
281,Filmore,Ollivierre,follivierre7s@google.es,Male,Portland,OR,US
282,Wilmar,Maton,wmaton7t@printfriendly.com,Male,Des Moines,IA,US
283,Annadiane,Reynalds,areynalds7u@4shared.com,Female,Shreveport,LA,US
284,Constantino,Berisford,cberisford7v@g.co,Male,Norwalk,CT,US
285,Theo,Baldelli,tbaldelli7w@networkadvertising.org,Male,Kansas City,MO,US
286,Kylie,Godilington,kgodilington7x@cisco.com,Female,Springfield,MA,US
287,Bren,Gillebert,bgillebert7y@ifeng.com,Female,Charlotte,NC,US
288,Becca,Langhorne,blanghorne7z@technorati.com,Female,El Paso,TX,US
289,Billy,Pund,bpund80@csmonitor.com,Female,San Antonio,TX,US
290,Constantine,Blaxley,cblaxley81@examiner.com,Female,Gadsden,AL,US
291,Vince,Witherbed,vwitherbed82@usa.gov,Male,Berkeley,CA,US
292,Petronille,Island,pisland83@google.de,Female,Hartford,CT,US
293,Parrnell,Middlemass,pmiddlemass84@hatena.ne.jp,Male,Roanoke,VA,US
294,Ximenez,Demschke,xdemschke85@marketwatch.com,Male,Columbia,SC,US
295,Jillene,Dixie,jdixie86@about.me,Female,Fresno,CA,US
296,Luz,Sainsbury,lsainsbury87@plala.or.jp,Female,Charleston,WV,US
297,Siana,Gosswell,sgosswell88@4shared.com,Female,East Saint Louis,IL,US
298,Asa,Hoult,ahoult89@dion.ne.jp,Male,Sacramento,CA,US
299,Vinny,Ruecastle,vruecastle8a@yahoo.co.jp,Male,Young America,MN,US
300,Roseann,Randalston,rrandalston8b@ucsd.edu,Female,Fargo,ND,US
301,Eldredge,Sutherley,esutherley8c@smh.com.au,Male,Jamaica,NY,US
302,Dmitri,Hryniewicz,dhryniewicz8d@scientificamerican.com,Male,San Francisco,CA,US
303,Kelbee,Strevens,kstrevens8e@wikipedia.org,Male,Knoxville,TN,US
304,Tad,Woodsford,twoodsford8f@ehow.com,Male,Little Rock,AR,US
305,Toni,McBeath,tmcbeath8g@flavors.me,Female,San Antonio,TX,US
306,Benito,Fortescue,bfortescue8h@bandcamp.com,Male,Des Moines,IA,US
307,Adelle,de Bullion,adebullion8i@businessinsider.com,Female,Atlanta,GA,US
308,Vivyanne,Mistry,vmistry8j@reuters.com,Female,Fort Smith,AR,US
309,Lane,Tuvey,ltuvey8k@seattletimes.com,Male,Flint,MI,US
310,Montgomery,Gerhold,mgerhold8l@soup.io,Male,Washington,DC,US
311,Emery,Parcall,eparcall8m@princeton.edu,Male,Dallas,TX,US
312,Artus,Bielfeld,abielfeld8n@bloomberg.com,Male,San Diego,CA,US
313,Odella,Meek,omeek8o@businesswire.com,Female,Helena,MT,US
314,Cristy,Lealle,clealle8p@netvibes.com,Female,Fort Myers,FL,US
315,Egbert,Bruckenthal,ebruckenthal8q@cocolog-nifty.com,Genderfluid,Dayton,OH,US
316,Tadd,Ewbank,tewbank8r@bbb.org,Male,Pasadena,CA,US
317,Patricio,Playle,pplayle8s@tmall.com,Male,Garland,TX,US
318,Leontine,Sagerson,lsagerson8t@geocities.jp,Female,Brooksville,FL,US
319,Bliss,Titcomb,btitcomb8u@sbwire.com,Female,Bozeman,MT,US
320,Margie,Timmis,mtimmis8v@house.gov,Female,Tulsa,OK,US
321,Lucho,Dansey,ldansey8w@businesswire.com,Male,Nashville,TN,US
322,Kacie,Balas,kbalas8x@washington.edu,Female,Amarillo,TX,US
323,Lissa,Starmer,lstarmer8y@prnewswire.com,Female,Columbus,OH,US
324,Ryun,Blackmoor,rblackmoor8z@google.com.br,Male,Los Angeles,CA,US
325,Ginevra,Tappor,gtappor90@fastcompany.com,Female,Carlsbad,CA,US
326,Krystyna,Aguirre,kaguirre91@ihg.com,Female,Fresno,CA,US
327,Tatiana,Eagell,teagell92@rediff.com,Female,Washington,DC,US
328,Cirillo,Aleksankin,caleksankin93@dailymotion.com,Male,Pittsburgh,PA,US
329,Saloma,Fant,sfant94@ovh.net,Female,Springfield,OH,US
330,Jammal,Vales,jvales95@auda.org.au,Male,Bonita Springs,FL,US
331,Odelia,Stoakley,ostoakley96@jigsy.com,Female,Tulsa,OK,US
332,Ban,Evison,bevison97@jugem.jp,Male,Pasadena,CA,US
333,Kristian,Biaggetti,kbiaggetti98@vkontakte.ru,Male,Orlando,FL,US
334,Sarene,Stovold,sstovold99@homestead.com,Female,Wichita,KS,US
335,Dalia,Phettiplace,dphettiplace9a@pagesperso-orange.fr,Female,Pompano Beach,FL,US
336,Bobbye,Hollows,bhollows9b@joomla.org,Female,Schenectady,NY,US
337,Dru,Fiddyment,dfiddyment9c@senate.gov,Female,Los Angeles,CA,US
338,Hardy,Tampion,htampion9d@ucla.edu,Male,Lakeland,FL,US
339,Iver,Simonel,isimonel9e@alexa.com,Agender,Oakland,CA,US
340,Debera,Rumbelow,drumbelow9f@tripadvisor.com,Genderfluid,Erie,PA,US
341,Brianna,Anselmi,banselmi9g@myspace.com,Female,San Diego,CA,US
342,Cassy,Rizziello,crizziello9h@ameblo.jp,Female,New Orleans,LA,US
343,Geri,McDonnell,gmcdonnell9i@thetimes.co.uk,Female,Newport Beach,CA,US
344,Lurline,Hindenberger,lhindenberger9j@nature.com,Female,Muskegon,MI,US
345,Steffi,Breche,sbreche9k@dagondesign.com,Non-binary,Houston,TX,US
346,Obediah,Ethridge,oethridge9l@cbsnews.com,Bigender,Charlotte,NC,US
347,Osmond,Woodrough,owoodrough9m@goodreads.com,Male,Houston,TX,US
348,Markos,Sibbering,msibbering9n@ow.ly,Male,Atlanta,GA,US
349,Wilt,Seares,wseares9o@123-reg.co.uk,Male,Idaho Falls,ID,US
350,Miof mela,Lippiett,mlippiett9p@mlb.com,Female,Berkeley,CA,US
351,Lazare,Clemmen,lclemmen9q@ycombinator.com,Male,Allentown,PA,US
352,Brad,Mumbeson,bmumbeson9r@webeden.co.uk,Male,Lynn,MA,US
353,Horace,Curness,hcurness9s@dedecms.com,Male,Nashville,TN,US
354,Trixy,Olensby,tolensby9t@webs.com,Female,Chicago,IL,US
355,Alfreda,de Najera,adenajera9u@oaic.gov.au,Female,Indianapolis,IN,US
356,Hersch,Antognozzii,hantognozzii9v@soup.io,Male,Honolulu,HI,US
357,Anne-corinne,Standage,astandage9w@goo.gl,Female,Philadelphia,PA,US
358,Onida,Trousdell,otrousdell9x@mashable.com,Agender,Shawnee Mission,KS,US
359,Regan,Wealleans,rwealleans9y@abc.net.au,Female,Pittsburgh,PA,US
360,Ursa,Bakhrushin,ubakhrushin9z@moonfruit.com,Female,Washington,DC,US
361,Nikolaos,Hengoed,nhengoeda0@latimes.com,Male,Dallas,TX,US
362,Marc,Winpenny,mwinpennya1@tumblr.com,Male,Miami,FL,US
363,Yasmin,Chace,ychacea2@nymag.com,Female,Sioux Falls,SD,US
364,Sheppard,Chesterman,schestermana3@altervista.org,Male,Young America,MN,US
365,Betteann,Dekeyser,bdekeysera4@sina.com.cn,Female,Oklahoma City,OK,US
366,Fairfax,Prendergast,fprendergasta5@twitter.com,Male,Fort Pierce,FL,US
367,Amabelle,Jagger,ajaggera6@upenn.edu,Female,Seattle,WA,US
368,Kial,Ainscough,kainscougha7@google.nl,Female,Springfield,IL,US
369,Keane,Laphorn,klaphorna8@behance.net,Male,Roanoke,VA,US
370,Matthew,Philpots,mphilpotsa9@people.com.cn,Male,San Antonio,TX,US
371,Andonis,Rany,aranyaa@disqus.com,Male,El Paso,TX,US
372,Cristobal,Tremolieres,ctremolieresab@senate.gov,Male,Daytona Beach,FL,US
373,Davey,Double,ddoubleac@army.mil,Male,Los Angeles,CA,US
374,Lilias,Sharple,lsharplead@1688.com,Female,Dallas,TX,US
375,Dallas,Rusted,drustedae@edublogs.org,Female,Oakland,CA,US
376,Amos,Craigmile,acraigmileaf@mail.ru,Male,Houston,TX,US
377,Ninon,Groll,ngrollag@sciencedirect.com,Female,Mansfield,OH,US
378,Fianna,Baldrey,fbaldreyah@chron.com,Female,Washington,DC,US
379,Dudley,Raxworthy,draxworthyai@mapy.cz,Male,Milwaukee,WI,US
380,Michaelina,Gerold,mgeroldaj@macromedia.com,Genderqueer,Cincinnati,OH,US
381,Noni,Lamers,nlamersak@google.fr,Female,Houston,TX,US
382,Mellie,Rowthorne,mrowthorneal@eepurl.com,Female,Oklahoma City,OK,US
383,Nealson,Standering,nstanderingam@hibu.com,Male,Roanoke,VA,US
384,Clemmie,Benedikt,cbenediktan@pen.io,Male,Migrate,KY,US
385,Farris,McCallum,fmccallumao@hatena.ne.jp,Male,Raleigh,NC,US
386,Othello,Joannic,ojoannicap@bandcamp.com,Male,Minneapolis,MN,US
387,Alexandre,Headington,aheadingtonaq@utexas.edu,Male,Knoxville,TN,US
388,Kameko,Simpkin,ksimpkinar@hc360.com,Female,Houston,TX,US
389,Jakie,Bittany,jbittanyas@mayoclinic.com,Bigender,Mobile,AL,US
390,Gerianna,de la Tremoille,gdelatremoilleat@tinypic.com,Female,Fresno,CA,US
391,Othilie,Cossons,ocossonsau@army.mil,Female,Oceanside,CA,US
392,Sarita,Pettigree,spettigreeav@webs.com,Female,Canton,OH,US
393,Cleon,Martellini,cmartelliniaw@indiatimes.com,Male,Merrifield,VA,US
394,Aeriela,Zylberdik,azylberdikax@wikispaces.com,Female,Wichita,KS,US
395,Flori,Laverock,flaverockay@jiathis.com,Female,Los Angeles,CA,US
396,Drew,BURWIN,dburwinaz@goo.ne.jp,Male,Toledo,OH,US
397,Almeda,Flowitt,aflowittb0@topsy.com,Agender,North Las Vegas,NV,US
398,Emili,Ruben,erubenb1@pcworld.com,Female,Fort Wayne,IN,US
399,Elfrieda,Geockle,egeockleb2@arizona.edu,Female,Houston,TX,US
400,Agnola,Fealty,afealtyb3@loc.gov,Female,New York City,NY,US
401,Dino,Manginot,dmanginotb4@mail.ru,Male,Chicago,IL,US
402,Skipp,Hocking,shockingb5@mysql.com,Male,Midland,TX,US
403,Nealy,Skatcher,nskatcherb6@behance.net,Male,Knoxville,TN,US
404,Julian,McGlone,jmcgloneb7@pcworld.com,Male,Fresno,CA,US
405,Timofei,Wilcocks,twilcocksb8@php.net,Male,Boise,ID,US
406,Elizabeth,Cansdall,ecansdallb9@washington.edu,Female,Charlotte,NC,US
407,Madeline,Hitscher,mhitscherba@4shared.com,Female,Washington,DC,US
408,Bartram,Tinkham,btinkhambb@ted.com,Male,Roanoke,VA,US
409,Jarib,Earland,jearlandbc@mac.com,Male,Gary,IN,US
410,Mufi,Albertson,malbertsonbd@furl.net,Female,Mobile,AL,US
411,Jorry,Hartfield,jhartfieldbe@xinhuanet.com,Female,Chattanooga,TN,US
412,Aeriela,Goding,agodingbf@hhs.gov,Female,Carol Stream,IL,US
413,Sylvester,Cuckoo,scuckoobg@gizmodo.com,Male,San Antonio,TX,US
414,Dall,Rohfsen,drohfsenbh@wunderground.com,Male,Springfield,MA,US
415,Reynolds,Petruska,rpetruskabi@altervista.org,Genderfluid,Pittsburgh,PA,US
416,Barbe,Borborough,bborboroughbj@51.la,Female,Bowie,MD,US
417,Roana,Allain,rallainbk@cloudflare.com,Bigender,Oklahoma City,OK,US
418,Krissy,Collman,kcollmanbl@google.com,Female,Columbia,MO,US
419,Witty,Culver,wculverbm@newyorker.com,Male,Stamford,CT,US
420,Gian,Marrill,gmarrillbn@usatoday.com,Male,Roanoke,VA,US
421,Gare,Armfirld,garmfirldbo@wisc.edu,Male,Cincinnati,OH,US
422,Shaw,Snaddon,ssnaddonbp@jugem.jp,Male,Philadelphia,PA,US
423,Rob,Normaville,rnormavillebq@mail.ru,Agender,Springfield,MA,US
424,Roberta,Winsley,rwinsleybr@cbslocal.com,Female,Boston,MA,US
425,Boris,Rait,braitbs@alibaba.com,Male,Burbank,CA,US
426,Faythe,McGarel,fmcgarelbt@forbes.com,Female,Houston,TX,US
427,Jeni,Wetherell,jwetherellbu@reverbnation.com,Female,Riverside,CA,US
428,Gayel,Ebdon,gebdonbv@jimdo.com,Female,Youngstown,OH,US
429,Jaimie,Leaming,jleamingbw@forbes.com,Agender,Berkeley,CA,US
430,Jack,Ormrod,jormrodbx@nih.gov,Male,Las Vegas,NV,US
431,Chloe,Fagence,cfagenceby@paginegialle.it,Female,Naperville,IL,US
432,Ransell,Oland,rolandbz@google.it,Agender,Saint Paul,MN,US
433,Rik,Stammer,rstammerc0@ovh.net,Male,Reno,NV,US
434,Amabel,Rippin,arippinc1@abc.net.au,Female,Evansville,IN,US
435,Adham,Gummary,agummaryc2@lycos.com,Male,Hialeah,FL,US
436,Garrett,Chace,gchacec3@mail.ru,Polygender,Reno,NV,US
437,Schuyler,Paler,spalerc4@boston.com,Male,Columbia,SC,US
438,Wally,MacDougall,wmacdougallc5@simplemachines.org,Male,Birmingham,AL,US
439,Kathlin,Kytley,kkytleyc6@gravatar.com,Female,Dallas,TX,US
440,Eustacia,Tregunna,etregunnac7@bloomberg.com,Genderqueer,Boston,MA,US
441,Thorsten,Buzek,tbuzekc8@dmoz.org,Male,Portland,OR,US
442,Nevil,Batchan,nbatchanc9@google.ca,Male,Tallahassee,FL,US
443,Thaxter,Darlington,tdarlingtonca@kickstarter.com,Male,Houston,TX,US
444,Gavan,Salasar,gsalasarcb@sphinn.com,Male,Greensboro,NC,US
445,Adela,Lowne,alownecc@latimes.com,Female,Birmingham,AL,US
446,Halli,Foxwell,hfoxwellcd@yellowpages.com,Female,Riverside,CA,US
447,Marlow,Claye,mclayece@blogspot.com,Male,Missoula,MT,US
448,Hesther,Gummoe,hgummoecf@independent.co.uk,Female,Mobile,AL,US
449,Donia,Moline,dmolinecg@globo.com,Female,Fort Myers,FL,US
450,Barbaraanne,Bernardotte,bbernardottech@intel.com,Female,Atlanta,GA,US
451,Graehme,Messenbird,gmessenbirdci@dagondesign.com,Male,Washington,DC,US
452,Lauritz,Drewry,ldrewrycj@studiopress.com,Male,Miami,FL,US
453,Robina,Willicott,rwillicottck@mayoclinic.com,Non-binary,San Francisco,CA,US
454,Nat,McGahy,nmcgahycl@answers.com,Female,Saginaw,MI,US
455,Zelda,Jelf,zjelfcm@goo.gl,Female,Irving,TX,US
456,Padgett,Milne,pmilnecn@squarespace.com,Male,Wilmington,DE,US
457,Tommie,Titman,ttitmanco@amazon.co.uk,Bigender,Albany,NY,US
458,Way,Battram,wbattramcp@simplemachines.org,Male,Washington,DC,US
459,Corabella,Munkley,cmunkleycq@tuttocitta.it,Female,Tyler,TX,US
460,Annelise,Bart,abartcr@icq.com,Bigender,Tacoma,WA,US
461,Alameda,Hrinishin,ahrinishincs@indiegogo.com,Female,Winston Salem,NC,US
462,Brooks,Hadrill,bhadrillct@gnu.org,Male,Colorado Springs,CO,US
463,Lilian,MacKeller,lmackellercu@tinypic.com,Female,Roanoke,VA,US
464,Flemming,Longthorne,flongthornecv@twitpic.com,Male,Carol Stream,IL,US
465,Carmina,Piscopello,cpiscopellocw@is.gd,Female,Midland,MI,US
466,Enrico,Mapis,emapiscx@arstechnica.com,Male,Santa Rosa,CA,US
467,Wat,Goodin,wgoodincy@sitemeter.com,Male,San Jose,CA,US
468,Jacinta,Riediger,jriedigercz@naver.com,Female,Santa Clara,CA,US
469,Beverlee,Archbold,barchboldd0@noaa.gov,Female,Fargo,ND,US
470,Lucio,Tinkham,ltinkhamd1@army.mil,Male,Washington,DC,US
471,Fons,Fawlkes,ffawlkesd2@disqus.com,Male,Shreveport,LA,US
472,Andre,Cleveland,aclevelandd3@goo.gl,Male,Pensacola,FL,US
473,Gilda,Herreran,gherrerand4@list-manage.com,Female,Wilmington,NC,US
474,Ikey,Brauns,ibraunsd5@is.gd,Male,Cincinnati,OH,US
475,Nicko,Pyecroft,npyecroftd6@wikipedia.org,Male,Fort Lauderdale,FL,US
476,Yalonda,Janus,yjanusd7@ucoz.com,Non-binary,Mount Vernon,NY,US
477,Henderson,Domeney,hdomeneyd8@slate.com,Male,Kansas City,MO,US
478,Elbertina,Tomczykiewicz,etomczykiewiczd9@g.co,Non-binary,Fort Worth,TX,US
479,Jessamyn,Grimsdyke,jgrimsdykeda@mashable.com,Female,Topeka,KS,US
480,Niels,Crawshay,ncrawshaydb@springer.com,Male,Portland,OR,US
481,Galven,Mathan,gmathandc@dot.gov,Male,Crawfordsville,IN,US
482,Artair,Hollingdale,ahollingdaledd@stumbleupon.com,Male,Pittsburgh,PA,US
483,Niles,Menaul,nmenaulde@usatoday.com,Male,San Francisco,CA,US
484,Kamila,Whylie,kwhyliedf@nationalgeographic.com,Female,Kansas City,MO,US
485,Bess,Ladell,bladelldg@liveinternet.ru,Female,Omaha,NE,US
486,Dag,Liversedge,dliversedgedh@hubpages.com,Male,Springfield,IL,US
487,Jeramie,Domleo,jdomleodi@twitter.com,Male,Fresno,CA,US
488,Leopold,Goly,lgolydj@alibaba.com,Male,Dayton,OH,US
489,Malanie,Kondratenko,mkondratenkodk@51.la,Female,Tucson,AZ,US
490,Parke,Knath,pknathdl@printfriendly.com,Male,Richmond,VA,US
491,Daveta,Hew,dhewdm@usda.gov,Female,Birmingham,AL,US
492,Maureen,Callaway,mcallawaydn@yandex.ru,Female,Seattle,WA,US
493,Falito,Roskam,froskamdo@hhs.gov,Male,Washington,DC,US
494,Lanny,Odams,lodamsdp@bbc.co.uk,Male,Tucson,AZ,US
495,Oralla,Antham,oanthamdq@pbs.org,Bigender,Mobile,AL,US
496,Langston,Martine,lmartinedr@hatena.ne.jp,Male,Miami,FL,US
497,Ebonee,Cleary,eclearyds@kickstarter.com,Female,Spokane,WA,US
498,Brunhilde,Cockshot,bcockshotdt@merriam-webster.com,Polygender,Dallas,TX,US
499,Ardine,Matskevich,amatskevichdu@spotify.com,Female,Pensacola,FL,US
500,Homere,Walters,hwaltersdv@instagram.com,Male,Pasadena,CA,US
501,Malachi,Gleadle,mgleadledw@pinterest.com,Male,Raleigh,NC,US
502,Aindrea,Blowick,ablowickdx@wikimedia.org,Female,Kansas City,KS,US
503,Baillie,Mcall,bmcalldy@youku.com,Male,Sacramento,CA,US
504,Devi,Dunmore,ddunmoredz@ning.com,Female,Newark,NJ,US
505,Rolfe,Enden,rendene0@aboutads.info,Male,Odessa,TX,US
506,Dwain,Elmhirst,delmhirste1@opera.com,Male,Washington,DC,US
507,Zuzana,Giffaut,zgiffaute2@seattletimes.com,Female,Miami,FL,US
508,Susette,Castiblanco,scastiblancoe3@hatena.ne.jp,Female,Naples,FL,US
509,Nan,Kittow,nkittowe4@amazon.de,Female,Washington,DC,US
510,Romy,Poultney,rpoultneye5@xrea.com,Female,Dayton,OH,US
511,Ilyssa,Rowsell,irowselle6@w3.org,Polygender,Daytona Beach,FL,US
512,Corrie,Abrashkov,cabrashkove7@opera.com,Genderfluid,New Orleans,LA,US
513,Valentina,Grundwater,vgrundwatere8@hexun.com,Female,Palm Bay,FL,US
514,Maurise,Guiducci,mguiduccie9@amazonaws.com,Female,Saint Cloud,MN,US
515,Fraze,Ashcroft,fashcroftea@amazon.co.uk,Male,Port Saint Lucie,FL,US
516,Maryrose,Leasor,mleasoreb@psu.edu,Female,Spartanburg,SC,US
517,Colman,Salzburg,csalzburgec@wunderground.com,Male,Merrifield,VA,US
518,Estele,Peltz,epeltzed@jalbum.net,Genderfluid,Miami,FL,US
519,Bliss,Skitt,bskittee@sitemeter.com,Female,Buffalo,NY,US
520,Cristin,Rattery,cratteryef@slashdot.org,Female,Boulder,CO,US
521,Aldus,McNiff,amcniffeg@theglobeandmail.com,Male,Lexington,KY,US
522,Berke,Shillaber,bshillabereh@jigsy.com,Male,Madison,WI,US
523,Giana,Wicher,gwicherei@geocities.com,Female,Boston,MA,US
524,Meaghan,Gerlack,mgerlackej@admin.ch,Female,Youngstown,OH,US
525,Dallas,Cheverell,dcheverellek@cornell.edu,Female,Garland,TX,US
526,Mame,Waulker,mwaulkerel@ibm.com,Female,Louisville,KY,US
527,Conrad,O'Breen,cobreenem@go.com,Male,Seattle,WA,US
528,Geralda,Jenney,gjenneyen@flickr.com,Genderfluid,Stockton,CA,US
529,Natale,Muddimer,nmuddimereo@shinystat.com,Male,New Haven,CT,US
530,Shep,Shearstone,sshearstoneep@nbcnews.com,Male,Bryan,TX,US
531,Halie,Simcock,hsimcockeq@abc.net.au,Female,Santa Fe,NM,US
532,Sandy,Shuttlewood,sshuttlewooder@mediafire.com,Female,Detroit,MI,US
533,Chickie,Levet,clevetes@jigsy.com,Female,Houston,TX,US
534,Delmor,Rylstone,drylstoneet@hc360.com,Male,San Jose,CA,US
535,Robinette,Somerville,rsomervilleeu@google.fr,Female,Charleston,WV,US
536,Leon,Rapport,lrapportev@nydailynews.com,Male,Danbury,CT,US
537,Chloe,Lismore,clismoreew@huffingtonpost.com,Non-binary,Indianapolis,IN,US
538,Cad,Gair,cgairex@technorati.com,Male,Montpelier,VT,US
539,Dorothea,Boyfield,dboyfieldey@gnu.org,Female,Fresno,CA,US
540,Windham,Ainge,waingeez@msu.edu,Male,Bradenton,FL,US
541,Gherardo,Pfertner,gpfertnerf0@opensource.org,Male,Lansing,MI,US
542,Dorree,Castletine,dcastletinef1@printfriendly.com,Female,Montgomery,AL,US
543,Mikel,Scholig,mscholigf2@slideshare.net,Polygender,Gainesville,GA,US
544,Loreen,Wilshaw,lwilshawf3@github.com,Female,Los Angeles,CA,US
545,Loretta,Brunskill,lbrunskillf4@indiegogo.com,Genderqueer,Roanoke,VA,US
546,Othella,Lathwell,olathwellf5@fc2.com,Bigender,Norman,OK,US
547,Ally,Kubas,akubasf6@gov.uk,Female,Seattle,WA,US
548,Flo,Faithfull,ffaithfullf7@patch.com,Female,Ocala,FL,US
549,Pate,Paige,ppaigef8@bravesites.com,Male,Saint Louis,MO,US
550,Tessa,Goldhawk,tgoldhawkf9@gmpg.org,Female,Santa Clara,CA,US
551,Valentino,Wiggin,vwigginfa@wordpress.com,Male,Atlanta,GA,US
552,Damara,Frawley,dfrawleyfb@digg.com,Female,Charlotte,NC,US
553,Eben,Slatten,eslattenfc@ed.gov,Male,South Bend,IN,US
554,Cordelia,Learned,clearnedfd@wiley.com,Female,Shawnee Mission,KS,US
555,Vyky,Morrallee,vmorralleefe@icq.com,Female,Canton,OH,US
556,Jon,Lope,jlopeff@moonfruit.com,Male,Dallas,TX,US
557,Julietta,Comizzoli,jcomizzolifg@baidu.com,Female,Nashville,TN,US
558,Avrit,Mulbry,amulbryfh@yolasite.com,Female,Panama City,FL,US
559,Elias,Noblett,enoblettfi@abc.net.au,Male,Daytona Beach,FL,US
560,Noreen,Snoday,nsnodayfj@vk.com,Female,Beaverton,OR,US
561,Vivi,Broughton,vbroughtonfk@symantec.com,Female,Peoria,IL,US
562,Garvey,Hance,ghancefl@ed.gov,Male,Houston,TX,US
563,Debee,Ochterlonie,dochterloniefm@wikimedia.org,Female,Denver,CO,US
564,Sibylla,Elden,seldenfn@posterous.com,Female,Atlanta,GA,US
565,Arnaldo,Schwandermann,aschwandermannfo@foxnews.com,Male,Denton,TX,US
566,Daniella,Strangeway,dstrangewayfp@gnu.org,Female,Greeley,CO,US
567,Sherlock,McIlory,smciloryfq@theguardian.com,Male,Charleston,WV,US
568,Linus,Conlaund,lconlaundfr@newsvine.com,Male,Pensacola,FL,US
569,Lowrance,Kellart,lkellartfs@gmpg.org,Male,Springfield,MA,US
570,Eleanor,Dummer,edummerft@oracle.com,Female,Peoria,IL,US
571,Gertrude,Jobbings,gjobbingsfu@amazon.co.jp,Genderqueer,Columbus,OH,US
572,Consolata,Wallsworth,cwallsworthfv@amazon.co.uk,Female,San Bernardino,CA,US
573,Gabriellia,Churchill,gchurchillfw@theguardian.com,Female,New Orleans,LA,US
574,Corey,Baudinet,cbaudinetfx@mail.ru,Male,Portland,OR,US
575,Allan,Suttling,asuttlingfy@hostgator.com,Male,Beaumont,TX,US
576,Leonard,Simenel,lsimenelfz@tumblr.com,Male,Minneapolis,MN,US
577,Niki,Aggas,naggasg0@usa.gov,Male,Lincoln,NE,US
578,Morganne,Negro,mnegrog1@google.fr,Female,Minneapolis,MN,US
579,Kassie,Rotter,krotterg2@wufoo.com,Female,Philadelphia,PA,US
580,Issi,Padefield,ipadefieldg3@shop-pro.jp,Female,Dallas,TX,US
581,Meghan,Wraggs,mwraggsg4@dion.ne.jp,Female,Springfield,IL,US
582,Meagan,Hasslocher,mhasslocherg5@barnesandnoble.com,Female,Tampa,FL,US
583,Jennifer,Barthot,jbarthotg6@cargocollective.com,Female,Montgomery,AL,US
584,Ginnifer,Hawkswell,ghawkswellg7@hostgator.com,Female,Memphis,TN,US
585,Arri,Dodworth,adodworthg8@smh.com.au,Male,Madison,WI,US
586,Elton,Charge,echargeg9@samsung.com,Male,Suffolk,VA,US
587,Jennica,McAllan,jmcallanga@hubpages.com,Female,Newton,MA,US
588,Lutero,Sherme,lshermegb@woothemes.com,Male,Cleveland,OH,US
589,Linzy,Tagg,ltagggc@indiatimes.com,Female,Columbia,SC,US
590,Cassius,Danaher,cdanahergd@ehow.com,Male,Saginaw,MI,US
591,Zared,Ullyott,zullyottge@pagesperso-orange.fr,Agender,Louisville,KY,US
592,Cory,Burgan,cburgangf@elpais.com,Female,Gainesville,FL,US
593,Billi,Vasyunin,bvasyuningg@cnet.com,Female,Canton,OH,US
594,Sauncho,Deering,sdeeringgh@java.com,Non-binary,Valley Forge,PA,US
595,Jillana,Lockart,jlockartgi@prlog.org,Non-binary,Stamford,CT,US
596,Jourdain,Vedeshkin,jvedeshkingj@mit.edu,Genderqueer,Oklahoma City,OK,US
597,Mersey,Rosie,mrosiegk@t.co,Female,Clearwater,FL,US
598,Heywood,Souter,hsoutergl@reuters.com,Male,New York City,NY,US
599,Simon,Ruddin,sruddingm@examiner.com,Male,Des Moines,IA,US
600,Kandace,Satterley,ksatterleygn@cbslocal.com,Female,El Paso,TX,US
601,Layton,Hallgalley,lhallgalleygo@phoca.cz,Male,Gainesville,GA,US
602,Taddeo,Franceschelli,tfranceschelligp@icq.com,Male,Seattle,WA,US
603,Gabriele,Luto,glutogq@unblog.fr,Male,Washington,DC,US
604,Kitti,Orto,kortogr@unesco.org,Female,Columbia,SC,US
605,Anallese,Stallibrass,astallibrassgs@tamu.edu,Female,Valdosta,GA,US
606,Bartlet,Sircomb,bsircombgt@businesswire.com,Male,San Diego,CA,US
607,Aime,McNuff,amcnuffgu@hubpages.com,Female,Omaha,NE,US
608,Brook,Gadsdon,bgadsdongv@newyorker.com,Female,Pittsburgh,PA,US
609,Cathyleen,Johansson,cjohanssongw@multiply.com,Female,Fort Wayne,IN,US
610,Jami,Elvidge,jelvidgegx@vinaora.com,Female,Sacramento,CA,US
611,Bern,Pavinese,bpavinesegy@thetimes.co.uk,Male,Northridge,CA,US
612,Shawn,Hearne,shearnegz@soundcloud.com,Female,Pueblo,CO,US
613,Madalena,Dalbey,mdalbeyh0@furl.net,Female,Wilkes Barre,PA,US
614,Ruth,Browning,rbrowningh1@telegraph.co.uk,Female,Lansing,MI,US
615,Marni,Titcom,mtitcomh2@wunderground.com,Female,Columbia,SC,US
616,Pammie,Pinnegar,ppinnegarh3@mapquest.com,Female,Saint Petersburg,FL,US
617,Derry,Broxup,dbroxuph4@qq.com,Male,Washington,DC,US
618,Hector,Lapsley,hlapsleyh5@elpais.com,Male,Meridian,MS,US
619,Rand,Bunney,rbunneyh6@blogger.com,Male,Washington,DC,US
620,Melinde,Matuszinski,mmatuszinskih7@salon.com,Female,San Diego,CA,US
621,Alvy,Venes,avenesh8@t-online.de,Male,Irvine,CA,US
622,Lyndy,McGuinness,lmcguinnessh9@storify.com,Female,Winston Salem,NC,US
623,Barty,Burwell,bburwellha@npr.org,Male,Roanoke,VA,US
624,Denni,Markova,dmarkovahb@cbsnews.com,Female,Washington,DC,US
625,Daloris,Chaddock,dchaddockhc@123-reg.co.uk,Female,Nashville,TN,US
626,Drusie,Longshaw,dlongshawhd@meetup.com,Female,Washington,DC,US
627,Ronalda,Lindman,rlindmanhe@delicious.com,Female,Saginaw,MI,US
628,Hartley,Broyd,hbroydhf@mit.edu,Male,Kansas City,KS,US
629,Elmo,Overstone,eoverstonehg@latimes.com,Male,Roanoke,VA,US
630,Viviana,Ilchenko,vilchenkohh@dailymotion.com,Female,Fort Wayne,IN,US
631,Douglass,Fairlaw,dfairlawhi@tuttocitta.it,Polygender,Baton Rouge,LA,US
632,Neda,Alldre,nalldrehj@nsw.gov.au,Female,New Haven,CT,US
633,Jae,Hatherley,jhatherleyhk@google.de,Male,Norwalk,CT,US
634,Arlie,Bartlomiej,abartlomiejhl@istockphoto.com,Female,Houston,TX,US
635,Griz,Goundrill,ggoundrillhm@shutterfly.com,Male,Cincinnati,OH,US
636,Alfreda,Houltham,ahoulthamhn@sciencedirect.com,Female,New Orleans,LA,US
637,Colas,Goodson,cgoodsonho@umich.edu,Genderqueer,Fargo,ND,US
638,Lynnett,Barensen,lbarensenhp@behance.net,Female,Detroit,MI,US
639,Caty,Syphas,csyphashq@cbsnews.com,Female,Alexandria,VA,US
640,Julina,Dalla,jdallahr@godaddy.com,Female,Fort Wayne,IN,US
641,Wyatt,Berthouloume,wberthouloumehs@fotki.com,Male,Asheville,NC,US
642,Austin,Atwel,aatwelht@biblegateway.com,Male,Springfield,IL,US
643,Liz,Fairlie,lfairliehu@dailymotion.com,Bigender,Washington,DC,US
644,Julissa,Grossman,jgrossmanhv@twitpic.com,Female,Washington,DC,US
645,Reginald,Randlesome,rrandlesomehw@illinois.edu,Male,Oklahoma City,OK,US
646,Saul,Jackett,sjacketthx@google.com.au,Male,Charleston,WV,US
647,Lottie,Lebbon,llebbonhy@example.com,Female,Brea,CA,US
648,Bo,Matzen,bmatzenhz@meetup.com,Male,Honolulu,HI,US
649,Drud,Becks,dbecksi0@cornell.edu,Male,Saint Petersburg,FL,US
650,Town,Burtwhistle,tburtwhistlei1@blogtalkradio.com,Male,Dallas,TX,US
651,Joellyn,Crocket,jcrocketi2@jalbum.net,Female,Montgomery,AL,US
652,Kaila,Djekic,kdjekici3@tmall.com,Female,Albany,NY,US
653,Wernher,Goghin,wgoghini4@ovh.net,Male,Roanoke,VA,US
654,Vick,Minghi,vminghii5@gov.uk,Male,Richmond,VA,US
655,Bryn,Vaisey,bvaiseyi6@bloomberg.com,Male,Dayton,OH,US
656,Roxine,Lorriman,rlorrimani7@statcounter.com,Female,Wichita,KS,US
657,Griffie,Thurber,gthurberi8@foxnews.com,Male,Columbus,GA,US
658,Fernanda,McKyrrelly,fmckyrrellyi9@intel.com,Female,Evanston,IL,US
659,Geno,Carlsen,gcarlsenia@google.com.br,Male,Knoxville,TN,US
660,Blair,Scardifield,bscardifieldib@boston.com,Female,Lincoln,NE,US
661,Florrie,Redbourn,fredbournic@va.gov,Female,Santa Monica,CA,US
662,Claudell,Casford,ccasfordid@dailymotion.com,Male,New Orleans,LA,US
663,Karleen,Joel,kjoelie@amazon.co.jp,Female,Kansas City,MO,US
664,Gustav,Cello,gcelloif@baidu.com,Male,Salt Lake City,UT,US
665,Cherrita,Reary,crearyig@photobucket.com,Female,Virginia Beach,VA,US
666,Cristi,Ellsbury,cellsburyih@pcworld.com,Female,Syracuse,NY,US
667,Efren,Trundell,etrundellii@harvard.edu,Male,Tucson,AZ,US
668,Whitney,Castellone,wcastelloneij@deviantart.com,Male,Newark,NJ,US
669,Llewellyn,Kalisch,lkalischik@mac.com,Male,Sacramento,CA,US
670,Port,Freeberne,pfreeberneil@globo.com,Male,Orange,CA,US
671,Barby,Chishull,bchishullim@arstechnica.com,Non-binary,Dallas,TX,US
672,Joshia,Tropman,jtropmanin@gnu.org,Male,New Orleans,LA,US
673,Kizzee,Swanbourne,kswanbourneio@wordpress.org,Female,Orlando,FL,US
674,Homere,Darwin,hdarwinip@unblog.fr,Male,Tacoma,WA,US
675,Torey,Buxy,tbuxyiq@typepad.com,Male,Little Rock,AR,US
676,Ty,Shaves,tshavesir@tiny.cc,Male,Bakersfield,CA,US
677,Harald,Emilien,hemilienis@cafepress.com,Polygender,Tulsa,OK,US
678,Noe,Petrulis,npetrulisit@stanford.edu,Male,Las Vegas,NV,US
679,Vern,Bridywater,vbridywateriu@hp.com,Male,Burbank,CA,US
680,Rawley,Klagges,rklaggesiv@1688.com,Male,Tacoma,WA,US
681,Hamil,Mathevon,hmathevoniw@ning.com,Male,Duluth,GA,US
682,Cchaddie,Ciardo,cciardoix@stumbleupon.com,Male,Los Angeles,CA,US
683,Vito,Kevlin,vkevliniy@engadget.com,Non-binary,Little Rock,AR,US
684,Adam,Cadge,acadgeiz@printfriendly.com,Polygender,New Orleans,LA,US
685,Wanids,Tallyn,wtallynj0@omniture.com,Female,Philadelphia,PA,US
686,Franklyn,Gwillyam,fgwillyamj1@prnewswire.com,Male,Houston,TX,US
687,Gar,Krystof,gkrystofj2@miitbeian.gov.cn,Male,Harrisburg,PA,US
688,Laughton,Justun,ljustunj3@sfgate.com,Male,Sacramento,CA,US
689,Terra,Wiggall,twiggallj4@sciencedirect.com,Female,Philadelphia,PA,US
690,Karl,Redfearn,kredfearnj5@princeton.edu,Male,Dayton,OH,US
691,Tomi,Redferne,tredfernej6@comcast.net,Female,Lynchburg,VA,US
692,Emelina,Powlett,epowlettj7@prnewswire.com,Female,Amarillo,TX,US
693,Merwin,Pedroli,mpedrolij8@infoseek.co.jp,Male,Tucson,AZ,US
694,Corissa,Artiss,cartissj9@issuu.com,Female,Saint Louis,MO,US
695,Cordi,Dhillon,cdhillonja@oaic.gov.au,Polygender,Garland,TX,US
696,Hailee,Josephsen,hjosephsenjb@businessinsider.com,Female,Dallas,TX,US
697,Lilly,Jermy,ljermyjc@deviantart.com,Female,Arlington,VA,US
698,Say,Bellson,sbellsonjd@spiegel.de,Non-binary,Paterson,NJ,US
699,Truda,Hobson,thobsonje@moonfruit.com,Female,Duluth,MN,US
700,Chris,Lettsom,clettsomjf@aol.com,Male,Montgomery,AL,US
701,Fee,Matthews,fmatthewsjg@cloudflare.com,Male,South Bend,IN,US
702,Tatiana,Casebourne,tcasebournejh@ning.com,Female,Cheyenne,WY,US
703,Madlin,Amps,mampsji@friendfeed.com,Female,Washington,DC,US
704,Shawnee,Grewar,sgrewarjj@google.nl,Female,Atlanta,GA,US
705,Nilson,Alwood,nalwoodjk@timesonline.co.uk,Agender,San Diego,CA,US
706,Stavros,Rendell,srendelljl@slate.com,Male,Baton Rouge,LA,US
707,Elston,Mantrup,emantrupjm@wordpress.com,Male,Houston,TX,US
708,Melania,Edson,medsonjn@nasa.gov,Female,Laredo,TX,US
709,Eveline,Casewell,ecasewelljo@yale.edu,Female,Ann Arbor,MI,US
710,Otes,Bramo,obramojp@weebly.com,Male,Newark,NJ,US
711,Vallie,Acklands,vacklandsjq@tinyurl.com,Female,Raleigh,NC,US
712,Glenine,McCahey,gmccaheyjr@disqus.com,Female,Mesa,AZ,US
713,Martie,Creeber,mcreeberjs@pagesperso-orange.fr,Male,Philadelphia,PA,US
714,Janey,Masse,jmassejt@ask.com,Female,Grand Forks,ND,US
715,Gifford,Hirjak,ghirjakju@umich.edu,Male,Pasadena,TX,US
716,Karlee,Kupec,kkupecjv@myspace.com,Female,Santa Rosa,CA,US
717,Colleen,Chappel,cchappeljw@about.me,Female,Louisville,KY,US
718,Zaneta,Brastead,zbrasteadjx@jugem.jp,Female,Houston,TX,US
719,Kenton,Moutray Read,kmoutrayreadjy@tripod.com,Male,Scottsdale,AZ,US
720,Hi,Callcott,hcallcottjz@craigslist.org,Male,New York City,NY,US
721,Alberta,Crocken,acrockenk0@flickr.com,Polygender,Glendale,AZ,US
722,Claire,O'Hagirtie,cohagirtiek1@amazon.co.uk,Male,Redwood City,CA,US
723,Karim,Turner,kturnerk2@yellowbook.com,Male,Louisville,KY,US
724,Luciano,Camerello,lcamerellok3@comsenz.com,Male,New York City,NY,US
725,Maudie,Mallion,mmallionk4@gov.uk,Female,West Palm Beach,FL,US
726,Pietro,Pietruschka,ppietruschkak5@ezinearticles.com,Male,Tyler,TX,US
727,Ermin,Heilds,eheildsk6@bbc.co.uk,Male,Round Rock,TX,US
728,Lexis,Benini,lbeninik7@latimes.com,Female,Huntsville,AL,US
729,Cassius,Elham,celhamk8@godaddy.com,Male,Burbank,CA,US
730,Julita,Thouless,jthoulessk9@usatoday.com,Non-binary,San Diego,CA,US
731,Glynnis,Wein,gweinka@ox.ac.uk,Female,Harrisburg,PA,US
732,Dody,MacKay,dmackaykb@scientificamerican.com,Female,Boston,MA,US
733,Monte,Cessford,mcessfordkc@dot.gov,Male,Santa Barbara,CA,US
734,Nicol,Leggatt,nleggattkd@senate.gov,Female,Oklahoma City,OK,US
735,Farrah,Tizzard,ftizzardke@blogs.com,Female,Lynchburg,VA,US
736,Glenda,Rawles,grawleskf@theglobeandmail.com,Female,Dallas,TX,US
737,Abigael,Porritt,aporrittkg@oaic.gov.au,Female,Waco,TX,US
738,Merridie,Stratley,mstratleykh@parallels.com,Female,Rochester,NY,US
739,Allissa,Angeau,aangeauki@whitehouse.gov,Female,Los Angeles,CA,US
740,Barbaraanne,Charlwood,bcharlwoodkj@biblegateway.com,Female,Amarillo,TX,US
741,Zechariah,Candish,zcandishkk@engadget.com,Male,Kalamazoo,MI,US
742,Abeu,Clac,aclackl@tuttocitta.it,Male,Des Moines,IA,US
743,Heather,Lansbury,hlansburykm@youtube.com,Female,Houston,TX,US
744,Belinda,Tansill,btansillkn@myspace.com,Agender,Boston,MA,US
745,Addi,Balcers,abalcersko@altervista.org,Female,Pittsburgh,PA,US
746,William,Duquesnay,wduquesnaykp@utexas.edu,Genderfluid,Boise,ID,US
747,Tani,Hadfield,thadfieldkq@hc360.com,Female,Washington,DC,US
748,Reginauld,Jobbing,rjobbingkr@ycombinator.com,Male,Burbank,CA,US
749,Ker,Ailmer,kailmerks@theguardian.com,Male,Peoria,IL,US
750,Lenore,Larwell,llarwellkt@marriott.com,Female,Seattle,WA,US
751,Mannie,Crawford,mcrawfordku@constantcontact.com,Bigender,Las Cruces,NM,US
752,Durand,Stanex,dstanexkv@seesaa.net,Male,Jefferson City,MO,US
753,Ives,Warlow,iwarlowkw@t-online.de,Male,Marietta,GA,US
754,Wallis,Adame,wadamekx@cargocollective.com,Male,Augusta,GA,US
755,Nilson,Kinkade,nkinkadeky@opensource.org,Male,Boise,ID,US
756,Marysa,Greveson,mgrevesonkz@hugedomains.com,Female,San Francisco,CA,US
757,Heinrick,Casado,hcasadol0@themeforest.net,Male,Birmingham,AL,US
758,Ximenez,Paulino,xpaulinol1@over-blog.com,Male,Memphis,TN,US
759,Felicle,McMeekin,fmcmeekinl2@wp.com,Female,Anchorage,AK,US
760,Edin,Brunsen,ebrunsenl3@vinaora.com,Female,North Little Rock,AR,US
761,Prissie,Sieghart,psieghartl4@list-manage.com,Female,Boston,MA,US
762,Dolley,McAloren,dmcalorenl5@europa.eu,Female,Charleston,SC,US
763,Addison,Eustanch,aeustanchl6@4shared.com,Male,Abilene,TX,US
764,Christie,Gymblett,cgymblettl7@walmart.com,Female,Midland,TX,US
765,Trudy,Coll,tcolll8@t-online.de,Female,Portland,ME,US
766,Gilli,Ducroe,gducroel9@seattletimes.com,Female,Raleigh,NC,US
767,Dix,Betteridge,dbetteridgela@reuters.com,Female,Dayton,OH,US
768,Valencia,Reddyhoff,vreddyhofflb@goodreads.com,Female,Corpus Christi,TX,US
769,Wheeler,Chillistone,wchillistonelc@blog.com,Male,Houston,TX,US
770,Tamarra,Bleackly,tbleacklyld@oaic.gov.au,Female,Anchorage,AK,US
771,Orville,Freathy,ofreathyle@nature.com,Male,Katy,TX,US
772,Loren,Littleover,llittleoverlf@typepad.com,Agender,Riverside,CA,US
773,Alano,Mandell,amandelllg@vimeo.com,Male,Saint Louis,MO,US
774,Harlan,Scrimshaw,hscrimshawlh@netscape.com,Male,Iowa City,IA,US
775,Tamra,Raxworthy,traxworthyli@newyorker.com,Genderfluid,Pasadena,CA,US
776,Kerry,Sircomb,ksircomblj@loc.gov,Male,Huntington Beach,CA,US
777,Bjorn,Greenslade,bgreensladelk@forbes.com,Male,Seattle,WA,US
778,Hannah,Rapelli,hrapellill@apple.com,Female,Sandy,UT,US
779,Portia,Sheddan,psheddanlm@drupal.org,Female,Wichita Falls,TX,US
780,Addi,Chastenet,achastenetln@wp.com,Female,Arlington,VA,US
781,Phillipp,Daelman,pdaelmanlo@jiathis.com,Male,Amarillo,TX,US
782,Rosaleen,Kryzhov,rkryzhovlp@hao123.com,Female,Norfolk,VA,US
783,Parry,McGunley,pmcgunleylq@biglobe.ne.jp,Male,Nashville,TN,US
784,Fay,Mandres,fmandreslr@tinypic.com,Female,Washington,DC,US
785,Enriqueta,Nower,enowerls@sfgate.com,Female,Sterling,VA,US
786,Trent,Upham,tuphamlt@answers.com,Male,Topeka,KS,US
787,Doyle,Childes,dchildeslu@berkeley.edu,Male,Springfield,OH,US
788,Glenn,Balsom,gbalsomlv@linkedin.com,Genderqueer,Pensacola,FL,US
789,Ludwig,Polglaze,lpolglazelw@discuz.net,Male,Miami,FL,US
790,Stephana,Jirick,sjiricklx@scientificamerican.com,Female,Bridgeport,CT,US
791,Mohammed,Vigars,mvigarsly@va.gov,Male,Bonita Springs,FL,US
792,Ethelind,Fontelles,efontelleslz@oaic.gov.au,Female,Corpus Christi,TX,US
793,Sigrid,Chessil,schessilm0@typepad.com,Bigender,Birmingham,AL,US
794,Jacqueline,Owlner,jowlnerm1@eepurl.com,Female,Myrtle Beach,SC,US
795,Ulrich,Insull,uinsullm2@imageshack.us,Male,Birmingham,AL,US
796,Pansy,Drogan,pdroganm3@harvard.edu,Female,Lafayette,LA,US
797,Doralynn,Lay,dlaym4@bravesites.com,Female,Philadelphia,PA,US
798,Marnia,Colombier,mcolombierm5@last.fm,Non-binary,Peoria,IL,US
799,Oralie,Yuryev,oyuryevm6@fc2.com,Female,Amarillo,TX,US
800,Kevyn,Foottit,kfoottitm7@hostgator.com,Female,San Antonio,TX,US
801,Pavlov,Fleg,pflegm8@unicef.org,Male,Daytona Beach,FL,US
802,Godart,Ipsgrave,gipsgravem9@issuu.com,Male,Denver,CO,US
803,Hali,Hrachovec,hhrachovecma@vistaprint.com,Female,New Orleans,LA,US
804,Levy,Lambe,llambemb@example.com,Male,New York City,NY,US
805,Jenifer,De Simone,jdesimonemc@networkadvertising.org,Female,Louisville,KY,US
806,Ana,Dolohunty,adolohuntymd@arstechnica.com,Female,Saint Paul,MN,US
807,Wade,Doggart,wdoggartme@noaa.gov,Male,Atlanta,GA,US
808,Bonita,Kusick,bkusickmf@earthlink.net,Female,San Francisco,CA,US
809,Grant,Whitmarsh,gwhitmarshmg@cloudflare.com,Male,Pomona,CA,US
810,Joanna,Darrigone,jdarrigonemh@spotify.com,Female,Charlotte,NC,US
811,Teodor,Borles,tborlesmi@vkontakte.ru,Male,New Orleans,LA,US
812,Serena,Caplan,scaplanmj@columbia.edu,Female,Washington,DC,US
813,Bart,McQuilliam,bmcquilliammk@blinklist.com,Agender,Midland,TX,US
814,Pembroke,Bendel,pbendelml@who.int,Male,Honolulu,HI,US
815,Maryjo,Attwell,mattwellmm@ycombinator.com,Female,Vancouver,WA,US
816,Isac,Campkin,icampkinmn@addtoany.com,Male,Shawnee Mission,KS,US
817,Delano,Treppas,dtreppasmo@ifeng.com,Male,Savannah,GA,US
818,Mathilde,De la Barre,mdelabarremp@360.cn,Female,Atlanta,GA,US
819,Rhoda,Gurdon,rgurdonmq@icq.com,Female,Durham,NC,US
820,Joelynn,Iacovacci,jiacovaccimr@princeton.edu,Female,Fort Lauderdale,FL,US
821,Saraann,McLugish,smclugishms@cornell.edu,Female,Buffalo,NY,US
822,Slade,Berling,sberlingmt@squidoo.com,Male,Harrisburg,PA,US
823,Chrotoem,Baulch,cbaulchmu@xing.com,Male,Fort Worth,TX,US
824,Andriette,Notti,anottimv@skyrock.com,Female,San Antonio,TX,US
825,Katey,Brownhall,kbrownhallmw@dedecms.com,Female,Pittsburgh,PA,US
826,Rogerio,Neasham,rneashammx@netlog.com,Genderqueer,Worcester,MA,US
827,Tommi,Stickney,tstickneymy@4shared.com,Female,San Francisco,CA,US
828,Dulcinea,Pinard,dpinardmz@gmpg.org,Female,Santa Rosa,CA,US
829,Elyn,Forsyde,eforsyden0@devhub.com,Female,Topeka,KS,US
830,Benyamin,Neilands,bneilandsn1@cornell.edu,Male,Raleigh,NC,US
831,Liza,MacAdam,lmacadamn2@freewebs.com,Female,Washington,DC,US
832,Raquel,Vedyasov,rvedyasovn3@sbwire.com,Female,Orlando,FL,US
833,Tamiko,Lightwood,tlightwoodn4@about.com,Female,Sacramento,CA,US
834,Chaddie,Boycott,cboycottn5@webmd.com,Male,San Mateo,CA,US
835,Sibbie,McCleary,smcclearyn6@si.edu,Genderqueer,Roanoke,VA,US
836,Florrie,Dutton,fduttonn7@4shared.com,Female,Hartford,CT,US
837,Kimberly,Goold,kgooldn8@hubpages.com,Female,Houston,TX,US
838,Stesha,Bridgeland,sbridgelandn9@free.fr,Female,Johnstown,PA,US
839,Melonie,Bienvenu,mbienvenuna@ow.ly,Female,Albany,NY,US
840,Lothario,Mailes,lmailesnb@stanford.edu,Male,York,PA,US
841,Rip,Obern,robernnc@google.co.jp,Male,Tacoma,WA,US
842,Nappie,Schellig,nschellignd@friendfeed.com,Male,Columbus,GA,US
843,Obed,Gianiello,ogianiellone@alexa.com,Male,Phoenix,AZ,US
844,Morna,Bockings,mbockingsnf@cdbaby.com,Female,Tulsa,OK,US
845,Aube,Rickertsen,arickertsenng@dailymotion.com,Male,Tampa,FL,US
846,Niccolo,Older,noldernh@a8.net,Male,Vienna,VA,US
847,Janette,Gairdner,jgairdnerni@behance.net,Female,Manchester,NH,US
848,Jasper,Hollingshead,jhollingsheadnj@usda.gov,Male,Memphis,TN,US
849,Rustin,Finey,rfineynk@amazonaws.com,Male,Charleston,WV,US
850,Ware,McGaw,wmcgawnl@shop-pro.jp,Male,Greenville,SC,US
851,Forest,Wadie,fwadienm@twitpic.com,Male,Greensboro,NC,US
852,Franz,Stapels,fstapelsnn@twitter.com,Male,Anderson,IN,US
853,Kiri,Esland,keslandno@163.com,Female,Savannah,GA,US
854,Anderson,Danilishin,adanilishinnp@marketwatch.com,Male,Washington,DC,US
855,Carson,Yellep,cyellepnq@mashable.com,Male,Gadsden,AL,US
856,Charlton,Scard,cscardnr@toplist.cz,Non-binary,Reston,VA,US
857,Veronique,Folca,vfolcans@chicagotribune.com,Female,Bridgeport,CT,US
858,Corabella,Dahmke,cdahmkent@epa.gov,Female,Salt Lake City,UT,US
859,Camilla,Trustrie,ctrustrienu@linkedin.com,Female,Lancaster,CA,US
860,Isa,Cornau,icornaunv@bbc.co.uk,Male,Charlotte,NC,US
861,Simeon,Quince,squincenw@ycombinator.com,Male,Portland,OR,US
862,Ferne,Godsil,fgodsilnx@earthlink.net,Female,Sacramento,CA,US
863,Ginni,Desaur,gdesaurny@rediff.com,Female,Washington,DC,US
864,Merilee,Rivard,mrivardnz@about.me,Female,Memphis,TN,US
865,Reginald,Bramford,rbramfordo0@icq.com,Male,Carol Stream,IL,US
866,Yetty,Cobain,ycobaino1@amazon.de,Female,Cincinnati,OH,US
867,Kaspar,Masseo,kmasseoo2@wix.com,Male,Shreveport,LA,US
868,Lil,Orable,lorableo3@dot.gov,Female,Panama City,FL,US
869,Corney,Jenkinson,cjenkinsono4@goodreads.com,Male,Seattle,WA,US
870,Merralee,Houliston,mhoulistono5@tamu.edu,Female,Washington,DC,US
871,Torin,Shellshear,tshellshearo6@time.com,Male,Fort Worth,TX,US
872,Fanchette,Bunten,fbunteno7@blogs.com,Female,Miami,FL,US
873,Chickie,Leggis,cleggiso8@histats.com,Male,Rochester,NY,US
874,Arch,Raoult,araoulto9@earthlink.net,Male,Hialeah,FL,US
875,Lemuel,Flippelli,lflippellioa@psu.edu,Male,Fresno,CA,US
876,Laure,Van Oord,lvanoordob@mediafire.com,Female,Canton,OH,US
877,Rudolfo,Kunkel,rkunkeloc@flavors.me,Male,Seattle,WA,US
878,Packston,Hugo,phugood@tripod.com,Male,Houston,TX,US
879,Guendolen,Kemmet,gkemmetoe@kickstarter.com,Female,Watertown,MA,US
880,Arabelle,Huggard,ahuggardof@google.pl,Non-binary,Clearwater,FL,US
881,Bernarr,Rounsivall,brounsivallog@auda.org.au,Male,New York City,NY,US
882,Mireille,Heims,mheimsoh@cpanel.net,Female,Chico,CA,US
883,Cecil,McClinton,cmcclintonoi@oaic.gov.au,Male,Bakersfield,CA,US
884,Hoebart,MacAless,hmacalessoj@hostgator.com,Male,Detroit,MI,US
885,Griffith,Drohun,gdrohunok@nsw.gov.au,Male,Washington,DC,US
886,Dimitry,Hainsworth,dhainsworthol@reddit.com,Male,Seattle,WA,US
887,Karoly,Lightfoot,klightfootom@google.co.uk,Male,Portsmouth,NH,US
888,Dud,Widger,dwidgeron@foxnews.com,Male,Torrance,CA,US
889,Virgie,Terry,vterryoo@macromedia.com,Male,Cincinnati,OH,US
890,Gallagher,Muehle,gmuehleop@ow.ly,Male,Allentown,PA,US
891,Kathleen,Dimsdale,kdimsdaleoq@msu.edu,Female,Staten Island,NY,US
892,Tess,Hessel,thesselor@xinhuanet.com,Female,New Haven,CT,US
893,Theodor,Proudlock,tproudlockos@cam.ac.uk,Male,Washington,DC,US
894,Georgeanne,Herley,gherleyot@t-online.de,Genderqueer,Hartford,CT,US
895,Marcelle,Crisell,mcrisellou@skype.com,Female,Los Angeles,CA,US
896,Emily,Gresswell,egresswellov@businessweek.com,Female,Oklahoma City,OK,US
897,Tresa,Hovel,thovelow@wikipedia.org,Female,Brooklyn,NY,US
898,Mark,Ruvel,mruvelox@aol.com,Male,Rochester,NY,US
899,Carney,Ivushkin,civushkinoy@noaa.gov,Male,Albuquerque,NM,US
900,Bartholomeus,Nicklen,bnicklenoz@eepurl.com,Male,Nashville,TN,US
901,Dermot,Zarfai,dzarfaip0@cafepress.com,Male,Springfield,MA,US
902,Samuele,Dellow,sdellowp1@surveymonkey.com,Male,Knoxville,TN,US
903,Bettye,McKaile,bmckailep2@guardian.co.uk,Female,Des Moines,IA,US
904,Christa,Addenbrooke,caddenbrookep3@soundcloud.com,Female,Portland,OR,US
905,Quintus,Hamby,qhambyp4@cafepress.com,Male,Harrisburg,PA,US
906,Dulcy,Billyard,dbillyardp5@about.me,Female,San Jose,CA,US
907,Nora,Hardan,nhardanp6@noaa.gov,Female,Fort Lauderdale,FL,US
908,Franny,Dench,fdenchp7@tmall.com,Male,San Diego,CA,US
909,Nertie,Wharlton,nwharltonp8@feedburner.com,Female,Watertown,MA,US
910,Barbabra,Jenson,bjensonp9@jigsy.com,Female,Baltimore,MD,US
911,Carol,Poag,cpoagpa@linkedin.com,Female,El Paso,TX,US
912,Avictor,Relton,areltonpb@joomla.org,Male,Huntington,WV,US
913,Jocelin,Bichener,jbichenerpc@lycos.com,Female,Boston,MA,US
914,Andrey,Swaile,aswailepd@discovery.com,Male,Salt Lake City,UT,US
915,Marleen,Glascott,mglascottpe@uiuc.edu,Female,Bakersfield,CA,US
916,Cathie,Thripp,cthripppf@vkontakte.ru,Female,Greensboro,NC,US
917,Melvyn,Tumbelty,mtumbeltypg@illinois.edu,Male,Lubbock,TX,US
918,Keir,Yeldham,kyeldhamph@exblog.jp,Male,Dallas,TX,US
919,Camala,Murdy,cmurdypi@unc.edu,Genderqueer,Rochester,MN,US
920,Valeda,Waleran,vwaleranpj@businesswire.com,Female,Gulfport,MS,US
921,Gerard,Benettini,gbenettinipk@noaa.gov,Male,Saint Paul,MN,US
922,Burt,Armin,barminpl@arizona.edu,Agender,Dallas,TX,US
923,Anni,Duckerin,aduckerinpm@aboutads.info,Female,Tucson,AZ,US
924,Remington,D'Onisi,rdonisipn@ucsd.edu,Male,San Antonio,TX,US
925,Lottie,Benny,lbennypo@ameblo.jp,Female,Lancaster,PA,US
926,Marylinda,Cypler,mcyplerpp@telegraph.co.uk,Female,Washington,DC,US
927,Packston,Kinavan,pkinavanpq@1688.com,Male,Austin,TX,US
928,Britney,Abrahamsohn,babrahamsohnpr@squidoo.com,Agender,Milwaukee,WI,US
929,Geoff,Culver,gculverps@moonfruit.com,Male,Buffalo,NY,US
930,Siana,Anstie,sanstiept@goodreads.com,Female,Houston,TX,US
931,Trista,Loblie,tlobliepu@ow.ly,Female,Simi Valley,CA,US
932,Abbye,Giannoni,agiannonipv@alibaba.com,Agender,Jackson,MS,US
933,Gertrud,Edie,gediepw@hud.gov,Female,Lexington,KY,US
934,Dana,Mallindine,dmallindinepx@nsw.gov.au,Genderqueer,Charlotte,NC,US
935,Moises,Corton,mcortonpy@wikia.com,Male,Young America,MN,US
936,Clarette,Curtois,ccurtoispz@soup.io,Polygender,Portland,OR,US
937,Goraud,Ormonde,gormondeq0@mit.edu,Male,Springfield,IL,US
938,Andros,Terris,aterrisq1@ft.com,Male,Atlanta,GA,US
939,Shayne,Pontin,spontinq2@vimeo.com,Polygender,Great Neck,NY,US
940,Flora,Simpkins,fsimpkinsq3@privacy.gov.au,Female,Des Moines,IA,US
941,Bevan,Abrahams,babrahamsq4@storify.com,Male,New York City,NY,US
942,Art,Sellens,asellensq5@yale.edu,Male,Atlanta,GA,US
943,Harlan,Greenalf,hgreenalfq6@t.co,Male,Jacksonville,FL,US
944,Randall,Beadham,rbeadhamq7@soundcloud.com,Male,Tyler,TX,US
945,Ag,Baudic,abaudicq8@lycos.com,Female,Riverside,CA,US
946,Jasen,Imlin,jimlinq9@irs.gov,Male,Colorado Springs,CO,US
947,Helge,Spare,hspareqa@google.com.hk,Female,Washington,DC,US
948,Tildy,Kristoffersson,tkristofferssonqb@youtu.be,Female,Buffalo,NY,US
949,Aime,Wickenden,awickendenqc@geocities.com,Female,Montgomery,AL,US
950,Camille,Everal,ceveralqd@nymag.com,Female,Metairie,LA,US
951,Garrett,Galletley,ggalletleyqe@webs.com,Male,Maple Plain,MN,US
952,Gabi,Margerison,gmargerisonqf@earthlink.net,Female,Memphis,TN,US
953,Filmore,Romera,fromeraqg@yandex.ru,Male,Milwaukee,WI,US
954,Charmian,Stopher,cstopherqh@4shared.com,Female,Knoxville,TN,US
955,Odette,Checkley,ocheckleyqi@goo.ne.jp,Female,Houston,TX,US
956,Mercedes,Burlingham,mburlinghamqj@51.la,Agender,Raleigh,NC,US
957,Hannah,True,htrueqk@google.com.hk,Female,Amarillo,TX,US
958,Gran,Ferencowicz,gferencowiczql@last.fm,Male,San Diego,CA,US
959,Stevie,Beinisch,sbeinischqm@eventbrite.com,Male,Austin,TX,US
960,Payton,Bumfrey,pbumfreyqn@de.vu,Male,Burbank,CA,US
961,Fredrika,MacPadene,fmacpadeneqo@zdnet.com,Female,Cleveland,OH,US
962,Amos,Rendall,arendallqp@imageshack.us,Male,Houston,TX,US
963,Andie,Golda,agoldaqq@rambler.ru,Male,Miami,FL,US
964,Court,Deporte,cdeporteqr@studiopress.com,Male,Jacksonville,FL,US
965,Baxie,Rossey,brosseyqs@barnesandnoble.com,Male,Memphis,TN,US
966,Frannie,Harkins,fharkinsqt@live.com,Female,Tacoma,WA,US
967,Fay,Plover,fploverqu@squidoo.com,Female,Houston,TX,US
968,Nessa,Rosellini,nroselliniqv@mozilla.org,Female,Bronx,NY,US
969,Avrit,Huddles,ahuddlesqw@issuu.com,Female,Charleston,WV,US
970,Krystalle,Sodor,ksodorqx@desdev.cn,Female,Washington,DC,US
971,Montague,Pumphreys,mpumphreysqy@forbes.com,Male,Lake Charles,LA,US
972,Otha,Dumbrill,odumbrillqz@com.com,Female,Pompano Beach,FL,US
973,Christye,Gribbins,cgribbinsr0@tinyurl.com,Female,Kansas City,KS,US
974,Paloma,Longmuir,plongmuirr1@naver.com,Female,Nashville,TN,US
975,Ceciley,Jonson,cjonsonr2@answers.com,Female,Philadelphia,PA,US
976,Bette-ann,Sussams,bsussamsr3@webnode.com,Female,Katy,TX,US
977,Gabrila,Allan,gallanr4@nsw.gov.au,Female,Grand Rapids,MI,US
978,Heall,De Maine,hdemainer5@over-blog.com,Male,Huntsville,AL,US
979,Christie,Grave,cgraver6@dot.gov,Female,Buffalo,NY,US
980,Morey,Perutto,mperuttor7@house.gov,Male,Atlanta,GA,US
981,Dorette,Whitemarsh,dwhitemarshr8@who.int,Female,Tulsa,OK,US
982,Kippie,Allabarton,kallabartonr9@virginia.edu,Male,Peoria,IL,US
983,Maye,Tweddell,mtweddellra@comcast.net,Female,New York City,NY,US
984,Arvin,Eastmead,aeastmeadrb@nationalgeographic.com,Male,Bakersfield,CA,US
985,Jany,Burchmore,jburchmorerc@elegantthemes.com,Female,Muncie,IN,US
986,Dougie,Kreuzer,dkreuzerrd@time.com,Male,Jacksonville,FL,US
987,Aristotle,Imms,aimmsre@cafepress.com,Male,Buffalo,NY,US
988,Morie,Neasham,mneashamrf@infoseek.co.jp,Bigender,San Bernardino,CA,US
989,Melisa,Lydall,mlydallrg@dmoz.org,Female,Hot Springs National Park,AR,US
990,Hiram,Kirtlan,hkirtlanrh@cisco.com,Non-binary,Los Angeles,CA,US
991,Anton,Filyashin,afilyashinri@amazon.com,Agender,Toledo,OH,US
992,Gardie,Gockeler,ggockelerrj@simplemachines.org,Male,San Antonio,TX,US
993,Barth,Careswell,bcareswellrk@unicef.org,Male,Birmingham,AL,US
994,Eustace,Andrieux,eandrieuxrl@symantec.com,Male,Seminole,FL,US
995,Coral,Navarro,cnavarrorm@naver.com,Female,San Francisco,CA,US
996,Tori,Gough,tgoughrn@wired.com,Female,Des Moines,IA,US
997,Nathanil,Fussell,nfussellro@sciencedaily.com,Male,Houston,TX,US
998,Daron,Atwell,datwellrp@upenn.edu,Female,Austin,TX,US
999,Bonni,Savil,bsavilrq@baidu.com,Female,Pasadena,TX,US
1000,Bobby,Bhar,bbharrr@wikimedia.org,Male,Camden,NJ,US
